,1990,1991,1992,1993,1994,1995,1996,1997,1998,1999,2000,2001,2002,2003,2004,2005,2006,2007,2008,2009,2010,2011,2012,2013,2014,2015,2016
Afghanistan,121.72,507.53,204.9,223.8,226.42,212.53,169.63,230.75,164.2,142.86,136.01,410.36,1309.77,1593.67,2310.64,2837.95,2962,5076.88,4874.84,6234.87,6470.36,6865.79,6666.77,5152.54,4942.97,4237.29,4064.33
Albania,11.05,331.95,409.64,270.68,163.1,180.6,226.64,168.23,268.74,488.18,317.85,268.53,307.36,349.31,300.94,315.08,324.04,308.63,364.84,357.15,365.07,379.48,349.16,269.98,281.17,333.58,168.53
Algeria,331.65,211.17,374.79,326.31,295.49,295.74,306.88,247.89,419.87,137.98,199.96,198.86,186.12,239.24,316.97,347.38,240.68,395.01,324.83,302.39,201.25,193.35,147.32,203.42,160.62,87.49,157.41
Angola,265.77,277.08,343.59,289.39,447.07,416.42,459.31,354.66,335.27,387.54,302.21,282.73,414.03,493.5,1144.57,414.68,163.52,259.98,369.04,238.94,235.17,192.94,243.61,285.54,235.39,380.06,206.78
Anguilla,3.82,6.29,4.76,4.7,6.55,3.36,2.56,2.57,3.05,2.4,3.52,3.54,0.73,3.95,2.69,4.01,4.42,5.27,3.35,1.4,8.27,0.3,5.04,7.63,..,..,..
Antigua and Barbuda,4.61,7.23,4.67,3,4.16,2.27,3.87,4.35,9.98,10.84,9.88,8.58,13.51,5.63,1.9,8.06,3.28,4.99,6.07,4.26,19.66,15.42,2.09,1.59,2.55,1.49,0.08
Argentina,168.74,273.68,264.44,226.8,146.78,143.12,131.54,102.33,85.54,84.9,60.37,153.24,88.19,107.71,92.08,94.12,110.43,85.81,120,113.67,128.53,95.18,177.76,34.73,48.79,-18.87,2.6
Armenia,..,2.72,22.45,109.46,191.27,217.71,292.28,166.27,194.26,209.24,215.89,211.47,295.22,250.4,256.12,172.62,215.39,351.9,304.43,525.61,342.58,395.5,270.56,280.36,267.43,347.48,326.76
Aruba,29.98,24.97,29.98,24.86,18.26,25.8,19.53,25.07,11.26,-7.38,..,..,..,..,..,..,..,..,..,..,..,..,..,..,..,..,..
Azerbaijan,..,0.3,7.43,23.87,149.04,119.54,96.36,184.06,120.36,171,140.61,230.91,350.81,302.03,175.83,210.9,207.9,226.38,234.64,233.33,161.56,287.47,286.79,-70.83,216.74,69.62,77.5
Bahamas,3.15,2.76,2.7,1.03,0.87,4.26,..,..,..,..,..,..,..,..,..,..,..,..,..,..,..,..,..,..,..,..,..
Bahrain,137.5,94.7,80.11,111.43,95.79,99.87,132.32,150.28,199.72,61.88,60.43,70.81,61.58,131.77,58.22,..,..,..,..,..,..,..,..,..,..,..,..
Bangladesh,2092.76,1880.24,1818.39,1383.26,1742.89,1281.74,1228.07,1012.36,1162.86,1219.49,1174.33,1045,900.55,1397.87,1416.83,1320.43,1222.89,1512.9,2070.9,1237.38,1404.6,1494.68,2154.05,2633.59,2422.64,2570.13,2503.59
Barbados,2.63,2.12,0.03,3.6,1.02,-1.16,4.23,4.32,15.66,-2.13,0.24,-1.15,3.31,19.78,28.81,-2.1,-2.29,17.51,7.12,10.86,16.2,..,..,..,..,..,..
Belarus,..,..,..,..,..,..,..,..,..,..,..,..,..,..,..,58.01,74.76,85.43,111.14,98.22,136.26,119.8,102.87,107.14,120.61,104.58,-22.31
Belize,30.32,21.77,26.16,31.11,32.17,18.83,21.23,14.12,15.31,47.77,16.29,23.2,23.6,13.18,7.5,12,8.16,22.21,23.85,26.97,25.01,21.92,26.21,51.27,37.56,28.27,34.96
Benin,266.88,265.66,269.04,287.76,256.38,280.56,288.29,221.15,205.23,212.44,244.77,280.42,221.54,301.99,391.79,349.08,400.31,475.29,636.72,677.56,689.27,672.61,507.88,660.2,599.32,430.14,492.89
Bermuda,42.19,-4.72,-5,-4.82,-12.48,-2.08,-4.07,..,..,..,..,..,..,..,..,..,..,..,..,..,..,..,..,..,..,..,..
Bhutan,46,61.41,56.16,65.15,75.1,73.22,59.52,66.02,56.22,67.16,53.39,60.78,73.4,76.9,78.26,90.1,95.72,103.05,85.08,127.3,131.38,141.22,161.65,136.8,130.64,97.28,51.47
Bolivia,545.44,502.89,666.93,559.93,562.18,712.36,828.4,698.65,634.19,579.54,486.03,747.68,692.75,941.18,788.76,643.35,850.04,475,628.32,711.47,717.69,723.47,661.72,702.3,674.56,791.31,696.45
Bosnia and Herzegovina,0.01,0.01,15.69,70.24,408.57,965.8,851.81,862.05,914.97,1286.24,737.93,640.08,555.78,541.92,686.09,539.89,536.84,599.1,465.01,417.34,511.18,625.78,568.02,521.21,630.2,355.03,445.36
Botswana,145.22,131.07,111.26,129.9,85.18,89.66,74.57,121.62,106.25,60.89,30.62,28.93,37.31,28.05,46.61,48.27,66.61,105.07,723.1,282.35,154.67,118.5,73.07,107.37,99.37,65.54,90.72
Brazil,151.06,161.56,-251.51,207.45,258.96,278.93,278.2,263.05,287.78,130.94,241.07,236.36,215.93,207.58,161.84,192.5,89.94,308.76,452.37,353.69,448.67,821.07,1288.54,1155.73,914.15,1003.15,674.62
British Virgin Islands,5.57,6.02,5.44,3.31,10.98,1.43,1.21,1.87,1.17,2.56,..,..,..,..,..,..,..,..,..,..,..,..,..,..,..,..,..
Brunei Darussalam,3.88,3.62,5.37,5.07,5.26,4.29,..,..,..,..,..,..,..,..,..,..,..,..,..,..,..,..,..,..,..,..,..
Burkina Faso,326.53,419.65,433.38,468.99,433.1,490.45,419.24,369.11,400.12,398.76,179.78,390.94,440.27,540.84,647.38,698.19,900.55,942.72,1000.38,1083.7,1044.62,981.98,1152.32,1045.08,1123.36,996.99,1023.28
Burundi,262.55,256.4,309.28,216.95,311.11,286.95,110.52,56.4,68.75,75.1,93.31,139.25,171.91,227.6,358.82,365.58,432.02,504.55,520.43,575.75,627.61,572.24,524.17,558.83,515.4,366.54,742.13
Cabo Verde,105.28,102,116.48,114.96,119.67,115.73,116.46,111.01,129.77,136.97,94.65,78.06,92.5,145.33,143.78,162.87,139.11,166.05,221.88,196.77,326.98,251.37,245.64,245.16,231.39,152.82,113.36
Cambodia,41.31,89.71,200.52,300.51,313.35,551,416.53,335.44,337.67,277.45,396.39,415.35,486.34,517.29,485.77,538.57,531.4,691.4,744.23,710.96,733.98,792.43,807.69,808.21,802.68,679.04,729.38
Cameroon,444.38,516.26,714.78,543.72,731.41,443.99,411.38,500.06,498.69,434.48,377.16,458.09,605.74,885.63,780.74,416.54,1716.24,1939.9,551.79,643.79,540.23,612.08,597.17,751.96,856.12,663.08,756.46
Cayman Islands,2.99,-0.29,0,-0.46,-1.02,-0.57,-2.03,..,..,..,..,..,..,..,..,..,..,..,..,..,..,..,..,..,..,..,..
Central African Republic,248.89,173.44,177.65,171.74,167.56,167.78,169.13,91.55,120.62,118.76,75.9,76.21,60.01,51.5,110.06,88.97,133.59,180.01,260.37,241.14,260.98,268.77,228.02,202.82,611,486.73,499.66
Chad,310.58,262.31,236.7,223.47,212.29,235.02,295.78,227.96,174.44,187.93,131.33,188.6,229.25,251.99,332.08,386.44,290.73,367.98,441.81,558.33,490.16,457.66,475.13,459.34,391.93,606.65,624.46
Chile,103.54,120.86,131.29,173.97,150.42,156.89,195.7,129.38,106.45,70.02,48.97,59.02,-6.69,80.48,54.4,170.41,99.24,108.68,106.45,79.19,188.54,167.42,128.08,80.56,245.58,54.33,178.37
China (People's Republic of),2032.37,1932.58,3002.03,3218.68,3149.01,3481.07,2655.9,2060.83,2456.88,2407,1749.02,1497.66,1511.52,1361.55,1710.58,1799.29,1272.25,1457.52,1317.73,1153.98,671.89,-602.94,-180.53,-656.55,-947.07,-332.27,-791.08
Chinese Taipei,36.34,3.48,5.93,7.41,6.24,0.22,15.78,..,..,..,..,..,..,..,..,..,..,..,..,..,..,..,..,..,..,..,..
Colombia,88.54,113.39,232.84,84.64,75.57,170.13,188.06,194.17,167.16,302.08,186.65,383.88,442.46,803.19,519.41,625.02,989.8,726.84,976.42,1054.99,673.83,1017.69,764.25,857.49,1224.17,1355.86,1106.67
Comoros,44.88,63.3,47.87,48.62,38.7,41.6,39.2,30.2,40.62,22.09,19.31,27.67,27.58,24.61,25.88,23.14,32,45.05,42.04,50.78,69.91,55.35,101.61,81.23,74.95,65.78,54.61
Congo,217.16,133.27,115,124.36,363.85,126.86,431.29,268.67,64.99,140.54,32.15,73.89,57.13,69.28,115.81,1425.55,258.3,116.32,486.63,283.97,1315.09,261.24,140.13,150.99,106.18,88.8,87.84
Cook Islands,12.14,13.28,17.07,12.51,14.24,13.04,11.27,10.05,8.08,6.02,4.38,4.87,3.77,5.86,8.92,7.88,32.34,9.31,5.72,5.59,13.54,27.31,20.99,15.88,28.11,25.64,22.15
Costa Rica,226.98,174.06,141.88,101.25,77.01,32.09,-10.41,-7.07,18.84,-8.39,13.2,3.14,3.15,29.2,14.87,26.22,22.12,55.15,69.41,106.12,95.07,31.28,28.46,32.82,54.55,111.3,100.72
Cote d'Ivoire,686.4,629.9,755.7,763.63,1593.7,1212.44,964.77,447,967.27,447.78,350.92,186.08,1067.5,253.7,160.71,91.28,247.14,171.08,584.63,2403.01,845.31,1437.71,2908.35,1273.46,925.04,653.06,658.49
Croatia,..,..,0.01,..,109.66,53.28,133.31,40.36,39.38,48.47,65.51,112.13,130.6,120.4,119.66,123.46,196.51,162.91,241.06,168.83,131.55,..,..,..,..,..,..
Cuba,51.81,36.93,24.8,43.9,47.12,63.63,57.22,65.4,80.15,59.39,45.07,54.65,62.11,76.54,99.47,90.14,82.21,96.55,125.51,112.56,132.45,87.28,85.76,99.46,261.54,552.73,2677.75
Cyprus,38.43,39.76,26.17,33.8,44.03,21.43,22.58,..,..,..,..,..,..,..,..,..,..,..,..,..,..,..,..,..,..,..,..
Democratic People's Republic of Korea,7.73,8.62,10.59,14.06,5.66,13.48,25.57,88.43,105.26,200.93,73.55,117.89,264.4,131.14,160.85,87.45,55.18,99.58,206.23,65.22,78.83,118.49,97.87,109.1,153.53,131.43,119.65
Democratic Republic of the Congo,895.79,475.28,268.52,177.82,244.81,194.75,166.16,157.88,127.02,135.51,178.44,246.64,1176.17,5417.03,1919.15,1881.8,2197.24,1348.27,1766.9,2362.35,3483.65,5526.46,2846.17,2584.01,2400.02,2599.04,2107.44
Djibouti,207.01,107.16,112.19,134.43,128.57,105.56,97.08,85.65,80.98,75.15,72.24,59.4,74.1,79.26,64.33,74.17,115.38,112.67,140.82,165.83,132.03,141.4,148.46,149.25,166.11,169.56,185.12
Dominica,19.64,17.63,12.7,8.91,19.59,25,43.13,14.56,19.35,9.93,15.28,19.69,29.6,10.97,29.4,21.11,19.66,19.45,21.38,35.95,32.45,24.44,25.68,20.08,16.29,11.71,8.5
Dominican Republic,101.66,67.72,65.58,-1.26,61.87,119.96,100.11,71.61,118.31,189.83,56.19,106.98,144.96,68.79,84.56,76.06,54.41,124.22,157.07,120.15,176.58,224.74,260.12,146.91,166.21,279.96,176.71
East African Community,..,..,-0.26,..,..,..,..,..,..,..,..,..,..,..,..,..,..,..,..,..,..,..,..,..,..,..,..
Ecuador,159.32,237.47,239.78,234.94,210.9,224.3,251.63,153.46,176.45,148.98,147.21,176.8,223.49,181.85,159.96,232.48,190.68,213.96,229.16,202.47,150.95,164.56,148.06,150.52,165.05,318.16,243.49
Egypt,6065.2,5408.84,3737.7,2485.23,2692.2,2028.07,2193.9,2009.46,1974.14,1620.25,1370.83,1300.39,1308.73,1017.18,1502.84,1046.31,909.03,1138.69,1688.53,982.74,599.16,423.73,1813.43,5512.51,3537.6,2499.43,2130.29
El Salvador,347.3,294.92,403.72,399.46,305.12,295.96,300.77,278.71,181.38,183.5,179.94,237.4,233.4,192.22,216.27,199.17,158.7,89.21,234.49,273.47,281.57,277.85,219.91,169.14,98.07,89.7,129.2
Equatorial Guinea,60.23,62.18,61.82,52.66,29.73,33.4,30.82,23.89,22.16,20.24,21.27,13.24,20.15,20.93,29.15,38.13,26.21,31.36,32.08,31.78,85.07,24.55,14.45,4.63,0.52,7.49,6.92
Eritrea,4.5,..,1,67.71,154.15,148.29,157.49,123.51,168.81,149.87,178.02,284.7,226.67,316.96,263.52,349.74,126.19,158.53,145.42,142.62,162.31,133.41,135.97,81.31,84.19,94.12,66.74
Ethiopia,1009.25,1091.87,1162.51,1081.22,1063.58,876.98,816.5,578.91,660.24,643.29,687.8,1103.6,1324.74,1621.16,1830.3,1929.12,2034.55,2606.55,3316.25,3823.76,3455.16,3495.89,3243.29,3885.54,3583.96,3233.71,4073.54
Fiji,49.58,44.81,63.42,61.22,40.61,44.4,46.79,44.51,36.89,35.2,29.37,26.18,34.17,51.25,65.53,66.08,55.8,50.88,45.25,66.71,75.84,75.39,105.37,91.22,94.24,102.48,108.74
Former Yugoslav Republic of Macedonia,..,..,..,3.32,104.26,78.8,105.39,98.28,104.91,276.94,250.85,247.64,273.86,266.11,264,227.4,200.85,201.83,202.8,194.22,194.31,192.29,147.71,196.73,211.92,214.32,168.36
French Polynesia,259.66,311.47,326.79,333.49,367.91,450.93,404.07,367.39,370.37,351.5,..,..,..,..,..,..,..,..,..,..,..,..,..,..,..,..,..
Gabon,131.23,142.71,68.51,100.86,181.03,143.74,126.51,38.83,44.64,47.8,11.85,8.64,71.66,-10.92,40.04,50.3,31.21,53.21,64.12,77.95,106.27,69.45,68.85,87.21,111.27,98.78,41.5
Gambia,97.26,99.54,108.84,84.9,68.89,45.43,36.06,38.9,39.45,34.35,49.64,52.73,64.47,63.29,61.34,60.76,75.2,97.2,94.63,125.17,121.1,135.71,138.98,112.3,100.34,107.68,91.58
Georgia,..,0.21,20.35,104.78,177.32,209.06,309.37,242.03,208.67,246.84,171.95,294.13,317.21,228.67,314.21,293.34,357.19,381.93,887.98,906.16,627.14,587.42,659.19,646.31,563.76,448.93,462.74
Ghana,559.72,878.63,614.22,627.26,547.72,649.87,651.27,494.17,703.88,610.09,600.65,644.85,689.37,985.04,1419.01,1152.64,1236.25,1162.92,1312.17,1584.68,1697.22,1803.87,1799.29,1328.17,1123.13,1768.69,1315.99
Gibraltar,0.56,2.57,3.14,-0.01,0.57,0.21,-0.24,0.37,0.22,0.03,..,..,..,..,..,..,..,..,..,..,..,..,..,..,..,..,..
Grenada,13.8,16.45,12.93,7.87,23.61,10.82,11.85,8.88,6.26,10.4,16.87,11.29,10.22,10.78,15.6,52.6,26.81,26.09,31.8,45.83,33.85,12.03,7.66,12.53,39.71,24.1,8.65
Guatemala,201.37,196.43,195.73,212.43,218.2,208.41,193.14,265.39,234.38,294.12,264.35,226.32,248.94,246.97,216.77,254.22,485.31,450.74,535.19,376.91,389.23,378.41,304.89,496.6,279.84,411.29,265.57
Guinea,291.58,377.52,447.28,410.28,358.23,415.92,298.06,381.39,359.57,237.83,153.41,289.25,254.19,250.63,274.81,192.91,173.12,257.61,351.22,217.66,220.97,202.12,633.36,467.54,563.12,538.04,561.42
Guinea-Bissau,126.35,112.82,107.3,94.53,174.36,117.6,180.77,124.53,96.01,52.6,81.07,60.69,59.88,145.37,77.85,66.76,88.2,125.57,135.69,149.4,129,120.64,80.32,105.63,110.25,95.04,199.07
Guyana,168.31,129.38,90.44,106.93,81.91,86.29,142.4,264.63,92.98,87.26,115.93,112.14,71.83,96.06,145.14,149.8,174.39,124.12,163.06,174.2,167.44,158.54,114.92,101.24,160.61,32.14,69.83
Haiti,167.39,177.29,100.98,120.65,599.84,722.22,367.31,324.97,407.17,263,208.01,170.33,155.77,212.52,298.8,425.81,581.48,716.92,927.31,1129.7,3073.47,1691.76,1273.35,1152.13,1082.36,1045.86,1074.27
Honduras,448.49,301.7,373.39,336.17,292.45,402.38,356.03,296.48,318.27,817.18,449.77,658.4,422.55,389.28,655.73,691.86,594.29,465.32,566.34,452.63,634.25,618.03,566.19,625.87,606.28,540.52,411.72
"Hong Kong, China",38.16,36.07,-39,30.27,26.87,17.73,13.2,..,..,..,..,..,..,..,..,..,..,..,..,..,..,..,..,..,..,..,..
India,1398.93,2736.23,2429.55,1470.46,2325.68,1737.71,1904.52,1646.37,1610.32,1490.76,1383.42,1729.61,1763.71,720.9,778.31,1875.96,1383.58,1329.21,2016.53,2481.02,2831.34,3270.22,1681.85,2456.34,2991.82,3174.35,2678.68
Indonesia,1715.86,1824.48,1969.23,1934.72,1549.86,1302.63,1080.52,814.52,1264.38,2132.62,1663.37,1468.96,1303.89,1775.36,135.25,2536.76,1318.46,854.33,1174.95,1046.12,1389.89,402.04,69.01,69.47,-381.94,-33.4,-112.06
Iran,106.45,193.4,105.7,140.48,130.04,186.94,164.5,200.76,164.56,161.49,129.87,114.56,114.54,131.05,188.65,100.67,117.24,103.77,100.47,92.57,112.44,105.79,151.79,131.61,81.17,110.9,116.19
Iraq,63.09,552.48,138.1,168.7,253.5,332.77,349.74,221.93,117.76,76.79,101.83,122.7,113.38,2287.65,4650.65,22057.09,8889.32,9204.34,9884.53,2791.23,2178.33,1914.69,1300.88,1541.54,1369.27,1482.94,2284.81
Israel,1371.89,1749.46,2065.77,1266.17,1237.18,335.59,2216.76,..,..,..,..,..,..,..,..,..,..,..,..,..,..,..,..,..,..,..,..
Jamaica,270.62,159.42,118.27,99.73,115.46,108.5,58.51,71.98,19.47,-22.35,8.7,54,24.02,6.16,82.81,39.77,37.19,28.08,85.88,149.97,139.38,39.39,28.06,71.59,95.99,59.07,26.84
Jordan,951.66,939.31,425.27,310.84,373.81,540.49,509.08,475.57,413.91,435.2,554.18,450.31,562.72,1321.22,604.63,709.85,573.57,631.51,734.09,740.42,954.75,974.1,1157.49,1400.33,2697.16,2151.85,2738.67
Kazakhstan,..,111.5,12.07,15.35,53.27,64.83,124.49,141.19,223.3,174.98,189.19,152.15,190.3,290.26,273.2,225.29,177.78,212.12,338.1,295.29,211.8,200.82,131.86,90.76,92.8,82.5,60.98
Kenya,1181.29,916.46,884.92,915.63,677.87,733.09,596.26,448.65,415.26,311.25,513.92,472.41,388.22,522.9,655.93,756.57,941.65,1329.36,1363.4,1782.48,1631.26,2478.82,2653.66,3306.84,2661.03,2464.18,2188.91
Kiribati,20.22,19.8,26.54,15.73,15.28,15.34,12.8,15.68,17.38,20.93,17.94,12.43,20.88,18.57,16.98,28.12,25.55,27.39,27.46,25.29,23.41,64.9,65.67,64.99,80.66,64.95,63.26
Korea,52,54.13,-3.1,-35.11,-114.23,57,-148.9,-159.65,-50.37,-55.1,..,..,..,..,..,..,..,..,..,..,..,..,..,..,..,..,..
Kosovo,..,..,..,..,..,..,..,..,..,..,..,..,..,..,..,..,..,..,..,782.13,527.52,583.18,566.74,568.55,579.39,437.81,370
Kuwait,12.86,11.76,6.53,2.03,4.47,4.23,..,..,..,..,..,..,..,..,..,..,..,..,..,..,..,..,..,..,..,..,..
Kyrgyzstan,..,..,21.08,95.01,173.5,284.67,230.45,239.59,239.49,283.17,214.71,187.72,185.72,200.02,261.13,267.48,311.05,281,357.28,312.91,383.92,523.33,470.49,539.45,626.57,769.99,515.25
Lao People's Democratic Republic,149.07,139.75,163.64,201.03,215.2,307.91,332.11,328.78,275.78,294.61,280.89,244.84,278.08,301.26,270.03,297.42,365.17,401.15,496.59,417.29,413.42,399.79,410.7,423.33,474.42,471.09,398.28
Lebanon,285.68,125.24,110.17,140.37,228.03,191.29,235.26,261.24,340.83,194.51,201.19,198.97,204.02,534.64,266.67,230.72,819.04,978.97,1068.36,580.08,445.09,475.49,711.58,621.6,820.95,974.92,1138.52
Lesotho,139.13,123.31,143.16,143.06,115.62,112.65,103.21,91.49,61.85,31.67,37.17,55.55,77,79.13,95.31,68.44,71.19,130.9,144.71,122.27,256.05,256.77,276.26,320.67,107.17,83.14,112.83
Liberia,113.74,157.63,119.6,122.33,63.4,123.1,172.67,75.69,71.99,93.95,67.42,38.48,54.99,106.78,213.39,222.09,260.9,1123.02,1250.41,510.75,1416.11,762.25,566.71,535.93,749.59,1094.43,814.99
Libya,8.34,7.49,3.28,2.87,3.95,5.84,3.77,3.98,5.55,4.7,..,..,..,..,..,23.84,37.51,19.41,74.2,40.04,7.61,641.1,87.12,128.83,210.28,157.37,179.49
"Macau, China",0.23,0.12,0.13,0.18,0.29,-4.01,0.32,0.36,0.5,0.32,..,..,..,..,..,..,..,..,..,..,..,..,..,..,..,..,..
Madagascar,396.96,455.11,361.55,361.22,288.14,299.41,354.69,837.67,484.67,362.39,324.48,374.53,373.94,545.36,1252.52,916.15,784.41,896.83,847.2,434.51,477.31,447.28,368.49,499.28,588.12,676.97,621.8
Malawi,500.36,549.57,578.04,497.34,471.14,435.14,492.54,344.1,434.68,446.78,448.15,411.1,379.74,519.57,507.42,573.65,722.87,766.67,924.74,773.71,1016.85,798.28,1170.91,1132.55,931.16,1049.38,1243.27
Malaysia,468.49,289.29,203.7,95.22,66.14,108.26,-456.6,-240.34,201.74,145.93,48.65,29.33,89.34,110.32,299.23,29.22,241.36,202.15,156.35,139.92,-6.14,40.81,18.32,-113.31,19.92,-0.6,-51.84
Maldives,20.86,32.2,36,29.34,29.72,58.08,32.44,26.28,25.05,30.73,19.15,24.77,27.46,21.34,28.05,76.57,38.27,38.09,54.54,33.25,111.66,54.29,56.73,21.7,22.54,26.83,26.93
Mali,479.17,449.68,429.69,369.96,440.15,540.41,490.17,429.33,346.82,354.39,288.04,351.74,420.48,556.23,585.3,724.59,869.2,1021.01,967.75,984.66,1091.46,1267.62,995.58,1397.56,1235.84,1204.13,1208.96
Malta,5.31,21.8,4.63,30.87,42.49,9.21,72.17,22.39,21.87,25.1,21.24,1.7,11.04,..,..,..,..,..,..,..,..,..,..,..,..,..,..
Marshall Islands,..,0.28,7.68,32.25,49.36,38.88,72.94,63.01,50.41,62.98,57.23,74.01,62.49,56.66,51.28,56.77,55.11,52.19,52.49,58.95,32.63,82.32,83.85,93.74,55.7,57.06,12.34
Mauritania,236.18,217.4,199.62,337.84,268.94,230.23,272.27,239.07,165.86,222.7,223.63,282.74,363.46,260.85,194.77,188.8,216.32,348.85,454.79,375.98,373.61,381.72,409.79,294.74,260.71,318,290.85
Mauritius,88.29,67.32,45.69,26.74,14.84,23.82,20.33,42.06,40.41,41.82,20.75,21.28,23.85,-14.52,32.8,34.4,19.13,69.21,108.68,156.03,124.59,185.69,176.68,145.74,44.59,78.42,42.37
Mayotte,60.51,72.16,74.73,83.32,104.67,107.75,129.69,104.25,104.37,111.75,103.19,120.19,124.88,166.04,208.45,201.34,337.64,407.24,475.53,544.26,603.85,..,..,..,..,..,..
Mekong Delta Project,..,..,..,..,..,..,..,..,..,..,..,..,..,..,..,..,..,..,..,..,..,..,..,..,..,..,..
Mexico,156.25,274.18,320.9,427.58,431.14,391.24,291.93,99.87,19.17,36.55,-45.34,98.7,141.64,120.93,140.98,201.91,250.81,119.34,147.81,189.22,462.28,973.17,407.93,562.39,814.89,321.07,809.31
Micronesia,..,0.46,13.6,63.83,103.94,77.16,112.8,95.75,79.89,107.81,101.88,137.9,112.08,115,86.37,106.44,108.57,114.95,94.14,120.88,63.42,133.45,143.26,143.21,117.01,81.39,50.81
Moldova,..,..,..,..,..,..,..,65.29,39.78,107.26,122.65,119.24,142.98,119.06,119.9,169.71,224.82,270.3,298.17,245.78,473.01,461.69,475.49,348.69,517.8,312.58,328.37
Mongolia,13.05,70.64,122.78,122.87,183.07,209.02,199.97,250.97,203.72,223.49,218.45,213.84,209.69,252.07,256.47,221.02,205.75,229.23,247.9,371.91,302.99,351.12,446.53,430.52,316.91,236.34,325.5
Montenegro,..,..,..,..,..,..,..,..,..,..,..,..,..,8.14,20.13,3.86,95.59,105.65,104.47,76.49,80.07,126.63,103.09,117.18,100.42,99.96,85.68
Montserrat,8.35,9.32,7.25,9.79,12.82,9.47,14.42,42.75,65.65,40.91,30.94,33.01,43.53,36.59,44.46,27.8,32.37,36.33,34.74,44.08,25.75,46.64,40.33,54.95,40.06,52.39,38.75
Morocco,1241.09,1532.67,953.6,780,683.52,500.56,649.59,471.56,531.21,681.94,447.38,493.85,364.39,584.39,780.6,732.64,1101.53,1219.23,1453.36,1045.96,985.5,1440.24,1471.14,2008.65,2240.15,1481.43,1992.34
Mozambique,997.51,1065.1,1459.68,1176.96,1199.94,1063.39,886.73,948.21,1039.95,818.67,907.39,961.47,2217.37,1049.52,1244.29,1289.86,1641.94,1784.99,1993.09,2013.6,1943.13,2065.47,2071.7,2312.7,2106.01,1814.74,1531.4
Myanmar,160.77,177.01,113.98,100.15,167.07,150.16,38.92,49.38,72.14,81.05,105.64,125.67,119.03,125.02,123.45,144.83,145.71,195.89,534.59,355.96,354.92,379.95,504.53,3936.12,1384.46,1168.5,1533.99
Namibia,119.62,180.45,142.34,152.55,137.1,190.37,185.92,165.16,180.83,178.63,152.41,109.51,135.02,148.38,175.33,113.38,149.33,220.85,205.49,331.13,261.33,278.21,252.44,261.04,226.22,142.38,170
Nauru,0.16,0.38,0.41,0.42,11.12,2.53,3.25,2.62,2.12,6.55,4,7.26,11.72,16.14,13.75,9.24,17.52,25.61,31.24,23.51,27.78,37.53,35.62,28.75,22.52,31.25,23.43
Nepal,422.84,448.76,430.87,363.41,446.62,429.56,389.23,401.87,400.86,348.5,386.42,388.99,342.91,464.48,425.94,423.13,527.67,616.82,697.02,853.75,814.41,886.63,769.68,873.33,883.82,1224.78,1065.92
Netherlands Antilles,57.99,82.1,92.45,79.9,37.74,98.39,120.68,110.61,129.08,126.98,..,..,..,..,..,..,..,..,..,..,..,..,..,..,..,..,..
New Caledonia,302.41,310.68,357.98,394.73,408.43,451.21,396.14,338.82,338.39,314.51,..,..,..,..,..,..,..,..,..,..,..,..,..,..,..,..,..
Nicaragua,329.56,834.99,653.37,314.77,594.26,649.13,930.86,412.88,603.84,673.87,561.97,931.91,517.39,836.63,1241.44,764.52,739.93,837.34,738.51,774.5,660.39,691.5,532.32,495.8,432.17,457.92,430.51
Niger,387.59,369.56,356.71,338.52,372.95,272.39,252.06,333.23,292.34,187.27,209.21,258.98,295.81,481.02,548.68,523.09,541.94,575.45,615.45,470.63,741.38,644.67,891.14,797.3,917.78,867.99,951.2
Nigeria,255.08,258.32,258.82,288.42,189.66,210.96,188.75,199.84,203.34,151.99,173.8,167.82,299.55,309.85,578.77,6401.79,11431.96,1958.6,1293.72,1639.23,2052.36,1809.86,1916.17,2515.72,2478.6,2431.54,2500.71
Niue,7.16,9.41,4.71,4.61,6.95,8.24,6.72,5.32,4.22,4.27,3.34,3.36,4.54,9.11,14.31,21.24,9.03,14.77,18.04,7.31,15.19,20.85,20.12,18.29,13.63,19.54,20.69
Northern Mariana Islands,63.11,29.14,7.39,88.95,2.3,-0.7,-1.57,0.69,0.2,0.12,..,..,..,..,..,..,..,..,..,..,..,..,..,..,..,..,..
Oman,68.2,13.09,39.63,129.68,155.47,75.09,82.93,100.4,555.74,53.15,79.67,8.31,76.97,64.31,100.34,19.04,54.07,213.98,74.65,144.49,-21.61,..,..,..,..,..,..
Pakistan,1126.89,1419.82,1023.03,1062.79,1607.63,822.82,1039.17,902.09,1060.41,747.67,706.57,1946.77,2109.22,1072.78,1434.14,1616.73,2178.77,2294.21,1500.11,2762.39,3020.7,3498.04,2017.41,2194.47,3615.82,3747.53,2952.86
Palau,..,..,0.01,0.01,201.89,142.32,63.02,38.38,89.12,28.84,39.13,34.28,31.46,25.83,19.78,23.67,37.39,22.41,42.94,35.62,28.75,27.98,15.46,35.42,23.48,13.93,17.69
Panama,99.34,103.61,156.74,71.1,32.27,40.35,49.92,46.2,23.7,15.51,17.36,27.75,22.14,27.48,22.46,20.23,32.68,-133.69,29.74,62,127.16,110.17,51.35,9.21,-193.26,10.25,22.61
Papua New Guinea,412.4,398.39,446.17,307.01,323.94,371.26,382.42,346.47,361.63,216.03,275.21,202.91,202.32,221.21,268.98,266.75,279.93,325.49,302.14,401.51,512.4,612.78,670.27,657.44,581.91,591.39,527.9
Paraguay,57.19,145.39,98.13,128.69,95.11,139.34,88.48,108.14,76.73,80.25,83.44,63.21,58.48,52.4,22.31,51.22,56.08,108.01,134.82,148.69,121.01,93.08,104.57,130.71,62.42,60.18,88.92
Peru,397.08,610.52,406.78,565,334.87,372.12,328.9,393.24,498.01,447.37,401.55,453.69,491.54,499.94,469.38,455.67,459.68,314.57,468.61,437.75,-296.31,597.81,385.56,363.66,328.3,334.83,320.21
Philippines,1270.62,1050.25,1719.54,1490.32,1063.85,912.33,908.15,679.87,613.98,686.24,575.14,571.83,553.4,716.19,450.15,567.71,570,609.28,38.29,307.89,541.34,-183.73,-3.37,192.06,677.44,515.31,286.85
Qatar,2.97,2.88,2.92,3.77,3.22,3.74,..,..,..,..,..,..,..,..,..,..,..,..,..,..,..,..,..,..,..,..,..
Rwanda,287.92,359.16,348.93,353.91,711.75,694.7,465.31,229.73,350.13,373.14,321.46,304.66,359.59,335.96,491.14,572.71,605.39,780.04,935.5,934.25,1033.09,1263.21,878.64,1086.29,1035.03,1085.33,1148.36
Saint Helena,24.74,15.38,15.8,14.77,14.12,12.59,15.88,15.07,15.75,13.78,18.67,15.17,13.92,17.98,26.25,22.55,28.13,44.09,65.95,34.77,53.67,83.94,168.23,138.82,131.35,81.92,106.49
Saint Kitts and Nevis,8.12,7.51,8.07,10.77,6.21,3.9,6.83,7.23,6.69,4.76,3.99,10.13,28.1,0.09,-0.08,2.61,5.24,3.44,46.82,3.21,11.48,15.76,21.74,30.05,..,..,..
Saint Lucia,12.31,23.12,27.12,25.63,31.5,48.22,38.58,25.46,6.21,25.74,11.09,16.33,33.29,15.56,-21.67,10.68,18.64,19.44,16.69,38.99,41.15,35.29,26.8,25.36,19.37,13.76,15.23
Saint Vincent and the Grenadines,15.37,15.93,18.13,13.69,12.62,47.64,26.32,5.94,20.66,16.49,6.3,8.12,4.57,6.27,10.58,7.86,4.8,65.85,26.28,28.78,16.85,17.76,8.31,8.52,9.89,13.5,9.18
Samoa,47.55,56.92,49.12,52.41,48.27,43.2,32.35,27.41,35.95,23.4,27.5,43.12,37.48,33.24,31.05,43.68,47.14,37.47,41.02,74.71,148.2,97.71,117.29,113.01,93.99,93.72,87.64
Sao Tome and Principe,54.12,51.01,56.43,46.49,49.93,84.09,47.4,33.42,28.06,27.52,34.94,38.18,26.09,37.85,33.68,32.7,23.06,51.07,47.29,30.46,50.19,73.48,50.7,53.75,41.38,48.95,47.03
Saudi Arabia,14.66,13.79,49.81,29.07,16.72,16.99,14.08,1.38,16.59,22.15,21.96,13.11,16.78,13.79,20.24,25.11,24.3,-131.07,..,..,..,..,..,..,..,..,..
Senegal,811.73,627.52,662.38,493.12,635.49,652.34,573.88,424.53,502.08,535.98,432.15,423.58,445.28,458.28,1066.34,701.35,869.36,865.33,1065.83,1017.99,936.4,1054.6,1075.78,994.48,1108.68,879.12,736.39
Serbia,..,..,..,..,49.22,95.06,69.51,97.36,108.23,707.4,1134.27,1304.18,2084.64,1310.48,1159.7,1068.49,1579.59,842.46,975.89,623.14,661.47,1379.17,1087.78,780.27,367.05,312.48,633.42
Seychelles,35.56,22.74,19.45,19.74,13.07,13.19,19.26,17.2,24.35,13.32,23.6,13.41,57.93,9.39,10.63,17.2,13.71,6.08,7.49,23.16,53.93,22.72,34.75,27.42,12,6.78,5.71
Sierra Leone,59.32,103.27,133.06,206.47,273.73,212.27,182.52,118.01,106.53,73.73,180.64,334.63,383.21,337.17,376.23,339.98,380.34,550.53,379.34,447.29,458.3,423.89,439.75,449.07,914.03,946.33,693.15
Singapore,-3.1,7.77,19.94,23.64,16.86,16.66,..,..,..,..,..,..,..,..,..,..,..,..,..,..,..,..,..,..,..,..,..
Slovenia,..,..,..,7.14,31.87,52.54,82.2,96.62,39.76,31.05,60.81,125.56,52.76,..,..,..,..,..,..,..,..,..,..,..,..,..,..
Solomon Islands,45.66,36.61,45.57,56.13,47.89,47.69,42.62,41.77,42.63,39.67,68.25,58.77,26.18,60.14,121.32,198.4,204.64,246.18,224.31,204.96,340.49,339.39,305.1,289.83,200.52,190.03,181.5
Somalia,514.81,186.42,653.66,892.12,535.12,187.93,88.18,81.18,81.32,115.7,102.23,149.3,152.72,176.18,201.28,240.22,396.17,393.74,765.87,661.64,505.68,1098.98,990.46,1054.58,1109.2,1253.37,1169.4
South Africa,..,..,..,270.45,293.08,386.17,362.34,495.59,515.64,543.27,490.01,428.88,506.96,642.15,631.61,681.23,723.24,795.12,1114.91,1074.18,1036.27,1396.97,1065.83,1295.34,1077.4,1420.27,1181.39
South Sudan,..,..,..,..,..,..,..,..,..,..,..,..,..,..,..,..,..,..,..,..,..,435.83,1186.26,1399.3,1964.12,1674.83,1590.1
Sri Lanka,728.34,889.08,640.43,664.87,601.67,554.62,487.12,332.81,427.36,264.69,278.43,336.29,338.34,675.6,510.05,1164.9,788.09,609.76,721.84,704.2,579.62,613.46,490.89,403.17,491.63,427.23,365.12
States Ex-Yugoslavia,46.03,158.06,1465.31,2500.73,1016,435.87,275.75,68.86,106.32,437.51,306.69,140.25,837,116.92,98.58,64.24,141.94,54.94,51.33,17.47,17.64,16.51,3.75,4.33,9.5,6.43,6.07
Sudan,848.24,867.11,536.31,447.9,408.29,237.43,218.1,138.94,211.21,246.34,225.29,192.26,304.93,620.23,994.58,1826.11,2048.44,2120.59,2566.43,2352.47,2025.85,1742.4,1369.13,1507.33,874.68,899.78,810.4
Suriname,61.13,43.56,79.7,78.83,60.13,76.72,109.07,76.21,58.85,35.17,36.64,25.15,13.44,12.71,25.74,44.04,64.01,151.07,101.64,156.64,103.81,89.86,40.35,30.82,13.39,15.98,16.53
Swaziland,53.63,52.92,56.01,54.21,57.78,57.75,33.05,28.44,34.96,29.15,13.13,29.15,22.16,34.19,21.92,46.71,34.78,50.67,70.01,55.77,91.14,124.09,89.62,117.79,86.37,92.63,147.45
Syrian Arab Republic,882.82,535.49,196.74,258.58,744.02,355.97,215.99,198.11,156.02,229.37,159.76,153.68,62.82,118.39,106.51,71.1,19.92,84.2,157.74,203.62,131.06,335.52,1671.6,3637.93,4174.31,4889.74,8869.64
Tajikistan,..,..,11.84,25.96,66.5,65.08,103.14,85.94,160.59,122.5,124.09,165.56,168.8,147.98,248.54,252.44,241.98,234.77,287.43,405.8,433.13,349.12,394.23,390.55,356.46,426.35,333.7
Tanzania,1163.15,1073,1334.08,944.43,963.57,871.05,867.21,943.85,1001.5,991.94,1064.25,1274.9,1260.43,1725.76,1774.2,1492.45,1887.65,2823.81,2331.15,3127.2,2960.31,2441.83,2822.23,3433.24,2650.52,2582.24,2317.86
Thailand,795.58,713.56,740.32,582.59,578.5,838.95,830.04,623.23,698.21,1014.14,698.58,282.15,295.21,-941.59,48.86,-167.49,-217.04,-310.99,-618.72,-75.78,-20.36,-134.12,-131.37,28.79,354.51,58.67,227.76
Timor-Leste,0.1,0.94,0.13,0.42,0.23,0.02,0.08,0.43,1.67,152.82,231.27,194.17,219.05,175.03,161.24,184.62,209.14,279.96,277.7,216.6,291.46,278.71,283.64,258.57,249.54,212.29,227.7
Togo,258.24,199.27,222.43,95.82,124.65,191.34,155.4,125.13,128.46,71.53,69.63,46.09,51.13,50.09,65.13,82.61,79.83,122.49,330.14,494.51,403.38,542.38,245.08,226.32,210.94,199.59,164.97
Tokelau,4.78,4.44,4.27,2.87,3,3.73,4.88,4.41,3.58,4.66,3.52,3.88,4.78,6.42,8.44,15.98,10.93,12.89,21.43,9.82,14.6,20.04,18.74,24.06,18.69,8.73,9.09
Tonga,29.75,19.29,23.7,31.23,35.16,38.84,32,27.52,24.68,21.19,18.93,20.38,22.48,27.73,19.53,32,21.56,30.93,25.71,37.35,70.42,93.48,78.18,81.09,80.33,68.4,79.72
Trinidad and Tobago,17.78,-2.21,7.46,1.43,21.14,24.86,16.5,33.03,13.78,26.2,-1.53,-1.73,-8.58,-3,-2.02,-1.98,13.39,20.8,9.29,6.84,4.33,..,..,..,..,..,..
Tunisia,392.54,354.46,387.99,243.2,105.79,75.39,126.86,195.22,150.96,253.43,222.84,366.22,217.35,301.67,333.69,368.35,436.85,326.49,378.76,493.69,550.15,925.23,1022.13,714.66,922.7,474.54,627.43
Turkey,1303.85,1610.03,356.27,447.73,198.35,313.56,246.08,6.76,28.09,12.45,328.57,133.26,273.44,167.64,288.88,399.33,569.26,795.66,1117.48,1356.24,1049.59,3288.27,3112.17,2847.84,3446.77,2145.22,3613
Turkmenistan,..,..,6.59,31.09,26.58,30.7,23.64,20.82,27.53,25.35,35.53,74.93,44.11,28.84,54.04,29.05,41.11,28.77,18.15,40.68,43.8,40.82,37.66,35.91,34.48,23.62,32.99
Turks and Caicos Islands,11.6,17.5,14.8,10.9,15.79,5.55,4.18,4.2,6.02,7.38,6.65,6.67,4.1,2.2,3.15,5.2,-0.42,15.39,..,..,..,..,..,..,..,..,..
Tuvalu,5.06,5.01,8.06,4.25,7.37,7.85,10.34,10.13,5.19,6.78,4.03,9.51,11.71,6.31,8.07,9.12,15.41,11.81,16.2,17.71,14.01,38.91,25.48,27.59,34.3,49.65,33.67
Uganda,663.1,663.28,724.95,609.99,751.97,833.96,674.88,813.44,658.1,607.68,855.93,828.94,732.98,1003.71,1222.24,1195.33,1589.23,1738.15,1643.39,1786.35,1690.14,1572.92,1642.5,1697.09,1633.68,1628.2,1757.13
Ukraine,..,..,..,..,..,..,..,..,..,..,..,..,..,..,..,404.1,484.63,420.98,617.35,654.72,656.65,777.93,772.06,790.74,1403.82,1449.35,1523.13
United Arab Emirates,3.54,-7.66,-9.73,-10.17,-8.03,5.41,..,..,..,..,..,..,..,..,..,..,..,..,..,..,..,..,..,..,..,..,..
Uruguay,52.43,48.82,68.78,112.54,73.36,66.26,35,34.99,24.82,22.66,18.59,16.22,14.41,16.4,23.66,17.62,23.84,37.15,33.07,52.16,47.52,18.93,17.36,36.52,91.57,23.18,18.36
Uzbekistan,..,..,1.51,7.98,28.25,83.72,87.69,139.88,158.5,156.34,186.44,154.09,190.18,195.45,245.76,169.07,149.76,167.85,183.6,190.65,234.44,204.1,255.91,295.16,324.67,447.81,457.36
Vanuatu,49.53,52.24,39.83,34.98,41.72,45.58,31.07,27.23,40.71,37.28,45.8,31.62,27.52,32.66,38.2,39.89,49.01,56.84,92.41,100.15,107.86,91.09,101.94,91.34,100.41,186.56,128.64
Venezuela,76.36,28.11,33.39,40.75,26.2,43.32,37.78,9.01,42.37,44.66,78.56,46.66,58.55,82.81,46.97,49.17,57.69,73.52,60.69,59.43,53.34,49.78,50.79,37.83,43.13,36.59,43.37
Viet Nam,180.55,227.3,566.22,252.61,904.3,834.8,937.21,999.46,1178.54,1429.86,1682.99,1431.86,1276.12,1767.59,1837.33,1910.9,1852.32,2510.44,2549.02,3738.59,2948.09,3619.28,4113.31,4085.6,4215.62,3157.36,2893.13
Wallis and Futuna,0.93,1.51,0.78,0.01,0.06,0.95,1.56,0.55,47.28,50.4,52.14,50.33,52.73,55.5,72.8,72.03,102.38,117.11,130.53,117.67,127.44,130.12,120.01,105.53,99.52,106.14,84.86
West Bank and Gaza Strip,..,..,..,178.74,471.98,514.11,552.41,613.03,612.57,580.55,684.5,997.59,971.61,1041.84,1160.84,1015.71,1360.25,1717.11,2470.08,2827.67,2512.56,2434.74,2006.11,2602.33,2487.84,1871.21,2401.79
Yemen,449.83,296.35,253.77,313.74,171.7,171.79,252.27,355.4,394.24,460.83,312.8,371.83,216.5,244.06,266.51,296,287.81,242.9,429.12,559.3,667.08,477.55,711.82,1039.63,1163.44,1531.38,1926.41
Zambia,474.81,877.97,1030.78,866.92,715.13,2030.67,608.06,609.69,348.15,623.21,794.65,570.84,810.73,770.45,1128.45,1169.05,1470.27,1022.49,1114.7,1270.82,919.32,1033.47,957.14,1145.25,997.73,797.14,962.58
Zimbabwe,334.26,388.68,790.18,499.31,561.38,491.5,371.76,336.64,261.34,244.63,175.64,160.21,199.13,186.92,187.3,372.94,278.24,477.46,612.75,736.55,712.53,722.58,1001.59,827.54,760.57,788.29,654.67