country,year,gdp_per_capita,literacy,aid_received
Afghanistan,1990,..,..,121720000
Afghanistan,1991,..,..,507530000
Afghanistan,1992,..,..,204900000
Afghanistan,1993,..,..,223800000
Afghanistan,1994,..,..,226420000
Afghanistan,1995,..,..,212530000
Afghanistan,1996,..,..,169630000
Afghanistan,1997,..,..,230750000
Afghanistan,1998,..,..,164200000
Afghanistan,1999,..,..,142860000
Afghanistan,2000,..,..,136010000
Afghanistan,2001,117.4096908,..,410360000
Afghanistan,2002,187.845095,..,1309770000
Afghanistan,2003,198.7285436,..,1593670000
Afghanistan,2004,219.1413528,..,2310640000
Afghanistan,2005,250.2941299,..,2837950000
Afghanistan,2006,272.563077,..,2962000000
Afghanistan,2007,369.835796,..,4964910000
Afghanistan,2008,373.3611163,..,4875860000
Afghanistan,2009,445.8932979,..,6234000000
Afghanistan,2010,553.3002894,..,6471680000
Afghanistan,2011,603.5370231,31.74112,6867050000
Afghanistan,2012,669.0090509,..,6668030000
Afghanistan,2013,631.7449706,..,5152540000
Afghanistan,2014,612.0696514,..,4945130000
Afghanistan,2015,569.5779229,..,4239180000
Angola,1990,823.7921843,..,265770000
Angola,1991,965.3612964,..,277080000
Angola,1992,438.3205196,..,343590000
Angola,1993,393.7845209,..,289390000
Angola,1994,293.2782224,..,447070000
Angola,1995,353.1820451,..,416420000
Angola,1996,512.6209659,..,459310000
Angola,1997,506.8849522,..,354660000
Angola,1998,415.6933459,..,335270000
Angola,1999,385.7688535,..,387540000
Angola,2000,555.2969419,..,302210000
Angola,2001,526.168743,67.40542,282730000
Angola,2002,711.181716,..,414030000
Angola,2003,779.4683056,..,493500000
Angola,2004,1041.086844,..,1144570000
Angola,2005,1443.991929,..,414680000
Angola,2006,2062.415149,..,163520000
Angola,2007,2878.837144,..,247670000
Angola,2008,3868.578883,..,369040000
Angola,2009,3347.84485,..,238930000
Angola,2010,3529.053482,..,235160000
Angola,2011,4299.012889,..,192940000
Angola,2012,4598.249988,..,243610000
Angola,2013,4804.616884,..,285540000
Angola,2014,4709.312024,66.03011,235390000
Angola,2015,3695.793748,..,380090000
Bangladesh,1990,297.5679945,..,2092760000
Bangladesh,1991,284.7255998,35.3193,1880240000
Bangladesh,1992,285.0954994,..,1818390000
Bangladesh,1993,291.7144952,..,1383260000
Bangladesh,1994,290.652464,..,1742890000
Bangladesh,1995,319.6086944,..,1281740000
Bangladesh,1996,382.9357493,..,1228070000
Bangladesh,1997,389.5236244,..,1012360000
Bangladesh,1998,395.2974607,..,1162860000
Bangladesh,1999,397.3548219,..,1219490000
Bangladesh,2000,405.6033071,..,1174330000
Bangladesh,2001,402.5981152,47.4855,1045000000
Bangladesh,2002,400.6135745,..,900550000
Bangladesh,2003,432.7388972,..,1397870000
Bangladesh,2004,460.7579167,..,1416830000
Bangladesh,2005,484.1554071,..,1320430000
Bangladesh,2006,494.0501466,..,1222890000
Bangladesh,2007,541.0651484,46.6636,1512900000
Bangladesh,2008,615.7775411,..,2070900000
Bangladesh,2009,681.1205368,..,1227080000
Bangladesh,2010,757.6717572,..,1404600000
Bangladesh,2011,835.7893401,47.07731,1491530000
Bangladesh,2012,856.342857,..,2151700000
Bangladesh,2013,951.8894535,..,2633590000
Bangladesh,2014,1084.56543,..,2422640000
Bangladesh,2015,1210.158769,..,2570240000
Benin,1990,393.6862144,..,266880000
Benin,1991,385.753616,..,265660000
Benin,1992,317.9628553,27.24525,269040000
Benin,1993,411.9260305,..,287760000
Benin,1994,279.6665043,..,256380000
Benin,1995,367.387341,..,280560000
Benin,1996,387.4329246,..,288290000
Benin,1997,361.1002698,..,221150000
Benin,1998,379.442354,..,205230000
Benin,1999,403.6237038,..,212440000
Benin,2000,374.1923942,..,244770000
Benin,2001,378.736054,..,280420000
Benin,2002,418.6985763,34.65785,221540000
Benin,2003,519.2922847,..,301990000
Benin,2004,583.4093514,..,391790000
Benin,2005,601.799977,..,349080000
Benin,2006,625.830092,28.70211,400310000
Benin,2007,706.0535419,..,475300000
Benin,2008,820.1513498,..,636720000
Benin,2009,793.45243,..,677570000
Benin,2010,757.6959074,..,689270000
Benin,2011,825.9427854,..,672610000
Benin,2012,837.9505001,32.94882,507880000
Benin,2013,915.2674586,..,660200000
Benin,2014,943.686575,..,599320000
Benin,2015,783.947091,..,430220000
Bhutan,1990,557.9721483,..,46000000
Bhutan,1991,465.3885839,..,61410000
Bhutan,1992,471.8392542,..,56160000
Bhutan,1993,449.688254,..,65150000
Bhutan,1994,524.2981458,..,75100000
Bhutan,1995,588.5939027,..,73220000
Bhutan,1996,609.3430176,..,59520000
Bhutan,1997,692.1262064,..,66020000
Bhutan,1998,695.2902533,..,56220000
Bhutan,1999,751.5757717,..,67160000
Bhutan,2000,765.8632358,..,53390000
Bhutan,2001,807.9387673,..,60780000
Bhutan,2002,885.6382245,..,73400000
Bhutan,2003,997.7417141,..,76900000
Bhutan,2004,1097.457088,..,78260000
Bhutan,2005,1247.061392,52.81469,90100000
Bhutan,2006,1335.456906,52.81469,95720000
Bhutan,2007,1741.142552,52.81469,90940000
Bhutan,2008,1795.181307,52.81469,85080000
Bhutan,2009,1770.234497,52.81469,127310000
Bhutan,2010,2178.921383,52.81469,131380000
Bhutan,2011,2458.045976,52.81469,141220000
Bhutan,2012,2422.008016,57.0336,161650000
Bhutan,2013,2350.882889,..,136800000
Bhutan,2014,2504.717407,..,130640000
Bhutan,2015,2615.31022,..,97280000
Burkina Faso,1990,351.9793229,..,326530000
Burkina Faso,1991,346.4106724,13.56923,419650000
Burkina Faso,1992,240.963481,..,433380000
Burkina Faso,1993,244.1270735,..,468990000
Burkina Faso,1994,193.0702363,..,433100000
Burkina Faso,1995,235.8321973,..,490450000
Burkina Faso,1996,249.3602944,12.84817,419240000
Burkina Faso,1997,229.4931177,..,369110000
Burkina Faso,1998,255.7182334,..,400120000
Burkina Faso,1999,265.3401156,..,398760000
Burkina Faso,2000,226.4759814,..,179780000
Burkina Faso,2001,235.4912324,..,390940000
Burkina Faso,2002,260.7635413,..,440270000
Burkina Faso,2003,332.3443051,21.82292,540840000
Burkina Faso,2004,371.3230865,..,647380000
Burkina Faso,2005,406.9988071,23.55372,698190000
Burkina Faso,2006,422.6332374,22.47258,900550000
Burkina Faso,2007,475.1100122,28.72921,942710000
Burkina Faso,2008,569.7612784,..,1000370000
Burkina Faso,2009,552.7455521,..,1083700000
Burkina Faso,2010,575.4464527,..,1044610000
Burkina Faso,2011,666.8404101,..,981980000
Burkina Faso,2012,673.8228182,..,1151640000
Burkina Faso,2013,699.781537,..,1045220000
Burkina Faso,2014,703.8216565,34.5994,1123510000
Burkina Faso,2015,575.3144542,..,997050000
Burundi,1990,209.0516152,37.38472,262550000
Burundi,1991,210.6438772,..,256400000
Burundi,1992,191.310913,..,309280000
Burundi,1993,162.635225,..,216950000
Burundi,1994,157.5430015,..,311110000
Burundi,1995,167.7991717,..,286950000
Burundi,1996,143.8532933,..,110520000
Burundi,1997,159.1755281,..,56400000
Burundi,1998,144.4746122,..,68750000
Burundi,1999,128.6964397,..,75100000
Burundi,2000,135.9984455,59.30362,93310000
Burundi,2001,133.7427689,..,139250000
Burundi,2002,122.4335893,..,171910000
Burundi,2003,112.8493703,..,227600000
Burundi,2004,127.4296648,..,358820000
Burundi,2005,150.5070434,..,365580000
Burundi,2006,165.8794176,..,432020000
Burundi,2007,170.7999005,..,480000000
Burundi,2008,196.2472628,48.08406,523240000
Burundi,2009,204.9446502,..,561480000
Burundi,2010,231.1943256,..,627910000
Burundi,2011,260.4799073,..,571770000
Burundi,2012,265.2856051,..,523260000
Burundi,2013,282.7555252,..,558830000
Burundi,2014,312.7489794,61.56973,515400000
Burundi,2015,300.6765569,..,366540000
Cambodia,1990,..,..,41310000
Cambodia,1991,..,..,89710000
Cambodia,1992,..,..,200520000
Cambodia,1993,254.1791425,..,300510000
Cambodia,1994,270.6091637,..,313350000
Cambodia,1995,323.0099928,..,551000000
Cambodia,1996,319.3632544,..,416530000
Cambodia,1997,304.837993,..,335440000
Cambodia,1998,269.054641,67.33503,337670000
Cambodia,1999,295.9735957,..,277450000
Cambodia,2000,300.6850949,..,396390000
Cambodia,2001,321.2263004,..,415350000
Cambodia,2002,339.0676984,..,486340000
Cambodia,2003,362.4213785,..,517290000
Cambodia,2004,408.6105184,73.60995,485770000
Cambodia,2005,474.2238766,..,538570000
Cambodia,2006,539.8791529,..,531400000
Cambodia,2007,631.675789,..,675900000
Cambodia,2008,745.7877873,77.58654,744230000
Cambodia,2009,738.2326684,73.90003,721130000
Cambodia,2010,785.6928841,..,733980000
Cambodia,2011,882.4901462,..,792430000
Cambodia,2012,950.0244132,..,807690000
Cambodia,2013,1028.419568,..,808210000
Cambodia,2014,1098.687123,..,802680000
Cambodia,2015,1163.18977,..,677060000
Central African Republic,1990,490.0745619,..,248890000
Central African Republic,1991,456.8977858,..,173440000
Central African Republic,1992,456.074154,..,177650000
Central African Republic,1993,401.9779716,..,171740000
Central African Republic,1994,260.4835711,..,167560000
Central African Republic,1995,332.6773772,..,167780000
Central African Republic,1996,293.3188854,..,169130000
Central African Republic,1997,266.6076447,..,91550000
Central African Republic,1998,268.9004231,..,120620000
Central African Republic,1999,271.8551165,..,118760000
Central African Republic,2000,243.5429317,50.64517,75900000
Central African Republic,2001,243.1586486,..,76210000
Central African Republic,2002,253.7068343,..,60010000
Central African Republic,2003,286.2508019,..,51500000
Central African Republic,2004,313.210598,..,110060000
Central African Republic,2005,327.1149461,..,88970000
Central African Republic,2006,347.6073678,..,133590000
Central African Republic,2007,397.1480467,..,176990000
Central African Republic,2008,456.8614334,..,257350000
Central African Republic,2009,449.9601839,..,239470000
Central African Republic,2010,446.4434494,36.75261,260990000
Central African Republic,2011,494.3306779,..,268780000
Central African Republic,2012,486.410114,..,228020000
Central African Republic,2013,337.4849614,..,202820000
Central African Republic,2014,377.1320274,..,611010000
Central African Republic,2015,348.381417,..,486940000
Chad,1990,291.8661593,..,310580000
Chad,1991,305.2216778,..,262310000
Chad,1992,296.3964872,..,236700000
Chad,1993,223.2061727,10.89465,223470000
Chad,1994,174.2195487,..,212290000
Chad,1995,206.5386927,..,235020000
Chad,1996,221.9742723,..,295780000
Chad,1997,206.1441026,..,227960000
Chad,1998,224.8661479,..,174440000
Chad,1999,190.8359826,..,187930000
Chad,2000,166.0231785,25.65421,131330000
Chad,2001,197.3156442,..,188600000
Chad,2002,220.8054821,..,229250000
Chad,2003,292.5914364,..,251990000
Chad,2004,454.6765879,28.38143,332080000
Chad,2005,660.2421396,..,386440000
Chad,2006,712.1847694,..,290730000
Chad,2007,801.683884,..,360650000
Chad,2008,929.7702391,..,422230000
Chad,2009,804.4559039,..,558330000
Chad,2010,896.5697341,..,490160000
Chad,2011,989.2363633,..,457360000
Chad,2012,973.4702574,..,474840000
Chad,2013,986.0103177,..,459340000
Chad,2014,1025.998515,..,391930000
Chad,2015,777.2487051,26.00299,606670000
Comoros,1990,607.4694013,..,44880000
Comoros,1991,582.3065192,..,63300000
Comoros,1992,609.9032196,..,47870000
Comoros,1993,586.6533885,..,48620000
Comoros,1994,401.8409364,..,38700000
Comoros,1995,487.797973,..,41600000
Comoros,1996,471.721275,..,39200000
Comoros,1997,422.5487938,..,30200000
Comoros,1998,417.928473,..,40620000
Comoros,1999,420.8779342,..,22090000
Comoros,2000,375.8528566,68.48923,19310000
Comoros,2001,395.9319363,..,27670000
Comoros,2002,433.2691451,..,27580000
Comoros,2003,544.5066526,..,24610000
Comoros,2004,616.4197236,..,25880000
Comoros,2005,621.9033702,..,23140000
Comoros,2006,648.3008717,..,32000000
Comoros,2007,720.7593013,..,45050000
Comoros,2008,795.9705019,..,42040000
Comoros,2009,778.5454199,..,50790000
Comoros,2010,769.1742883,..,68330000
Comoros,2011,829.7586885,..,52210000
Comoros,2012,788.632653,49.19614,98810000
Comoros,2013,834.3410949,..,81230000
Comoros,2014,852.9543079,..,74950000
Comoros,2015,727.6463868,..,65780000
"Congo, Dem. Rep.",1990,270.1105809,..,895790000
"Congo, Dem. Rep.",1991,253.0421708,..,475280000
"Congo, Dem. Rep.",1992,219.7342375,..,268520000
"Congo, Dem. Rep.",1993,275.7352838,..,177820000
"Congo, Dem. Rep.",1994,144.5206962,..,244810000
"Congo, Dem. Rep.",1995,135.6734781,..,194750000
"Congo, Dem. Rep.",1996,134.939947,..,166160000
"Congo, Dem. Rep.",1997,138.964642,..,157880000
"Congo, Dem. Rep.",1998,138.615476,..,127020000
"Congo, Dem. Rep.",1999,102.6447985,..,135510000
"Congo, Dem. Rep.",2000,405.4696531,..,178440000
"Congo, Dem. Rep.",2001,153.6995733,67.17299,246640000
"Congo, Dem. Rep.",2002,175.1360715,..,1176170000
"Congo, Dem. Rep.",2003,173.9163518,..,5417030000
"Congo, Dem. Rep.",2004,194.1667863,..,1919150000
"Congo, Dem. Rep.",2005,218.5235092,..,1881800000
"Congo, Dem. Rep.",2006,252.8430454,..,2197240000
"Congo, Dem. Rep.",2007,280.1217437,61.20555,1350840000
"Congo, Dem. Rep.",2008,318.1201341,..,1767600000
"Congo, Dem. Rep.",2009,..,..,2357760000
"Congo, Dem. Rep.",2010,318.0757516,..,3483980000
"Congo, Dem. Rep.",2011,357.4834938,..,5526470000
"Congo, Dem. Rep.",2012,398.1406948,75.01719,2846170000
"Congo, Dem. Rep.",2013,420.87049,..,2584010000
"Congo, Dem. Rep.",2014,461.5680853,..,2400120000
"Congo, Dem. Rep.",2015,474.9360481,..,2599240000
Djibouti,1990,766.1409545,..,207010000
Djibouti,1991,762.0113217,..,107160000
Djibouti,1992,777.2623296,..,112190000
Djibouti,1993,753.5201889,..,134430000
Djibouti,1994,790.0322652,..,128570000
Djibouti,1995,789.5517691,..,105560000
Djibouti,1996,767.4669289,..,97080000
Djibouti,1997,760.5314478,..,85650000
Djibouti,1998,755.5962418,..,80980000
Djibouti,1999,765.7204882,..,75150000
Djibouti,2000,768.1760767,..,72240000
Djibouti,2001,781.2322196,..,59400000
Djibouti,2002,792.15412,..,74100000
Djibouti,2003,819.974118,..,79260000
Djibouti,2004,864.1847206,..,64330000
Djibouti,2005,904.7297489,..,74170000
Djibouti,2006,965.6693779,..,115380000
Djibouti,2007,1047.586896,..,112680000
Djibouti,2008,1214.077118,..,140820000
Djibouti,2009,1253.657431,..,165840000
Djibouti,2010,1325.990724,..,132030000
Djibouti,2011,1430.986898,..,141400000
Djibouti,2012,1536.150685,..,148270000
Djibouti,2013,1622.637974,..,149250000
Djibouti,2014,1740.915011,..,164730000
Djibouti,2015,1862.167274,..,169560000
Eritrea,1990,..,..,4500000
Eritrea,1991,..,..,..
Eritrea,1992,152.9867265,..,1000000
Eritrea,1993,150.9730942,..,67710000
Eritrea,1994,172.3215472,..,154150000
Eritrea,1995,187.0504479,..,148290000
Eritrea,1996,222.5454459,..,157490000
Eritrea,1997,217.1509292,..,123510000
Eritrea,1998,231.2266102,..,168810000
Eritrea,1999,208.6209747,..,149870000
Eritrea,2000,208.1969487,..,178020000
Eritrea,2001,215.1392103,..,284700000
Eritrea,2002,201.7687981,52.51395,226670000
Eritrea,2003,232.7945459,..,316960000
Eritrea,2004,287.4222243,..,263520000
Eritrea,2005,276.7508096,..,349740000
Eritrea,2006,297.8280588,..,126190000
Eritrea,2007,317.3294336,..,158530000
Eritrea,2008,326.0825642,64.66297,145420000
Eritrea,2009,430.7544499,..,142620000
Eritrea,2010,482.1490904,..,162300000
Eritrea,2011,582.7755302,..,133410000
Eritrea,2012,..,..,135970000
Eritrea,2013,..,..,81310000
Eritrea,2014,..,..,82070000
Eritrea,2015,..,..,92110000
Ethiopia,1990,253.1929484,..,1009250000
Ethiopia,1991,270.2443935,..,1091870000
Ethiopia,1992,203.1645022,..,1162510000
Ethiopia,1993,164.9584363,..,1081220000
Ethiopia,1994,124.9830454,27.01136,1063580000
Ethiopia,1995,133.7288539,..,876980000
Ethiopia,1996,144.5003524,..,816500000
Ethiopia,1997,140.8611257,..,578910000
Ethiopia,1998,124.5056232,..,660240000
Ethiopia,1999,119.1340818,..,643290000
Ethiopia,2000,123.8762057,..,687800000
Ethiopia,2001,120.1789279,..,1103600000
Ethiopia,2002,111.3634356,..,1324740000
Ethiopia,2003,118.8734466,..,1621160000
Ethiopia,2004,135.7623858,35.9,1830300000
Ethiopia,2005,161.6266248,29.82034,1929120000
Ethiopia,2006,193.7949056,..,2034550000
Ethiopia,2007,243.3026822,38.99598,2551550000
Ethiopia,2008,325.3825543,..,3316360000
Ethiopia,2009,379.7566385,..,3823760000
Ethiopia,2010,341.3099092,..,3455160000
Ethiopia,2011,354.8463544,..,3492550000
Ethiopia,2012,468.5067249,..,3224480000
Ethiopia,2013,502.1535887,..,3885590000
Ethiopia,2014,571.1622759,..,3584720000
Ethiopia,2015,645.4650067,..,3233990000
"Gambia, The",1990,345.8558101,..,97260000
"Gambia, The",1991,727.034661,..,99540000
"Gambia, The",1992,729.0418881,..,108840000
"Gambia, The",1993,748.7842096,..,84900000
"Gambia, The",1994,719.9757073,..,68890000
"Gambia, The",1995,737.1787914,..,45430000
"Gambia, The",1996,773.4393371,..,36060000
"Gambia, The",1997,712.3318781,..,38900000
"Gambia, The",1998,723.7948296,..,39450000
"Gambia, The",1999,681.5374179,..,34350000
"Gambia, The",2000,635.5637584,36.81773,49640000
"Gambia, The",2001,541.0558913,..,52730000
"Gambia, The",2002,440.9474786,..,64470000
"Gambia, The",2003,359.6521781,..,63290000
"Gambia, The",2004,413.8398778,..,61340000
"Gambia, The",2005,432.1929066,..,60760000
"Gambia, The",2006,439.3423673,..,75200000
"Gambia, The",2007,519.0452673,..,97200000
"Gambia, The",2008,607.9479729,..,94550000
"Gambia, The",2009,549.3108283,..,125170000
"Gambia, The",2010,562.4825159,..,121100000
"Gambia, The",2011,514.3738601,..,135720000
"Gambia, The",2012,504.9740098,..,138980000
"Gambia, The",2013,483.4863008,41.95005,115680000
"Gambia, The",2014,434.4656471,..,101530000
"Gambia, The",2015,458.9690025,..,107850000
Guinea,1990,441.4127933,..,291580000
Guinea,1991,472.9737936,..,377520000
Guinea,1992,485.9748491,..,447280000
Guinea,1993,457.7628488,..,410280000
Guinea,1994,448.4475642,..,358230000
Guinea,1995,469.2761014,..,415920000
Guinea,1996,475.7463919,20.55375,298060000
Guinea,1997,453.801151,..,381390000
Guinea,1998,421.9982034,..,359570000
Guinea,1999,399.9739644,..,237830000
Guinea,2000,340.0516918,..,153410000
Guinea,2001,315.8398003,..,289250000
Guinea,2002,322.811171,..,254190000
Guinea,2003,370.1931781,29.70402,250630000
Guinea,2004,386.3288283,..,274810000
Guinea,2005,303.424498,..,192910000
Guinea,2006,427.0691859,..,173120000
Guinea,2007,622.1516672,..,227640000
Guinea,2008,674.5971068,..,332360000
Guinea,2009,636.2717095,..,217660000
Guinea,2010,635.6714852,25.30774,220970000
Guinea,2011,614.8694482,..,202110000
Guinea,2012,654.7998027,..,607430000
Guinea,2013,726.0940747,..,467540000
Guinea,2014,744.6823178,32.00386,563180000
Guinea,2015,725.0646897,..,538450000
Guinea-Bissau,1990,241.002485,..,126350000
Guinea-Bissau,1991,247.9384212,..,112820000
Guinea-Bissau,1992,212.9408099,..,107300000
Guinea-Bissau,1993,217.6075323,..,94530000
Guinea-Bissau,1994,211.5952576,..,174360000
Guinea-Bissau,1995,223.3418401,..,117600000
Guinea-Bissau,1996,233.3095607,..,180770000
Guinea-Bissau,1997,227.638268,..,124530000
Guinea-Bissau,1998,172.0601488,..,96010000
Guinea-Bissau,1999,183.8530105,..,52600000
Guinea-Bissau,2000,297.7519443,41.35777,81070000
Guinea-Bissau,2001,309.486749,..,60690000
Guinea-Bissau,2002,321.4813204,..,59880000
Guinea-Bissau,2003,360.5718585,..,145370000
Guinea-Bissau,2004,393.3138244,..,77850000
Guinea-Bissau,2005,424.9534585,..,66760000
Guinea-Bissau,2006,418.9445004,..,88200000
Guinea-Bissau,2007,481.0694976,..,123430000
Guinea-Bissau,2008,583.5445622,..,135200000
Guinea-Bissau,2009,544.2220779,..,148360000
Guinea-Bissau,2010,546.7216686,..,128130000
Guinea-Bissau,2011,688.7718197,..,121010000
Guinea-Bissau,2012,604.2683552,..,79660000
Guinea-Bissau,2013,622.1351066,..,105630000
Guinea-Bissau,2014,611.4384267,45.58116,110260000
Guinea-Bissau,2015,585.2105569,..,95080000
Haiti,1990,..,..,167390000
Haiti,1991,479.5492678,..,177290000
Haiti,1992,305.5553692,..,100980000
Haiti,1993,249.4127466,..,120650000
Haiti,1994,282.4227011,..,599840000
Haiti,1995,359.7676569,..,722220000
Haiti,1996,365.0113863,..,367310000
Haiti,1997,411.608644,..,324970000
Haiti,1998,450.9186159,..,407170000
Haiti,1999,494.2324206,..,263000000
Haiti,2000,462.4806524,..,208010000
Haiti,2001,413.7383164,..,170330000
Haiti,2002,393.0163027,..,155770000
Haiti,2003,329.7820946,58.7439,212520000
Haiti,2004,387.9429725,..,298800000
Haiti,2005,465.3101876,..,425810000
Haiti,2006,505.4706206,48.68502,581480000
Haiti,2007,615.8198192,..,701650000
Haiti,2008,674.7564147,..,912120000
Haiti,2009,668.2976046,..,1122020000
Haiti,2010,662.2795182,..,3037580000
Haiti,2011,740.9358452,..,1691760000
Haiti,2012,766.8437623,..,1273350000
Haiti,2013,810.2656073,..,1152130000
Haiti,2014,830.1148117,..,1082360000
Haiti,2015,814.5463952,..,1042670000
Kiribati,1990,549.7643854,..,20220000
Kiribati,1991,644.7108451,..,19800000
Kiribati,1992,638.4725668,..,26540000
Kiribati,1993,619.6545734,..,15730000
Kiribati,1994,715.1671148,..,15280000
Kiribati,1995,724.7913054,..,15340000
Kiribati,1996,842.9591391,..,12800000
Kiribati,1997,842.281248,..,15680000
Kiribati,1998,801.1629805,..,17380000
Kiribati,1999,832.0547943,..,20930000
Kiribati,2000,796.7937634,..,17940000
Kiribati,2001,734.9492461,..,12430000
Kiribati,2002,826.585504,..,20880000
Kiribati,2003,1015.038605,..,18570000
Kiribati,2004,1130.602806,..,16980000
Kiribati,2005,1214.556667,..,28120000
Kiribati,2006,1151.555618,..,25550000
Kiribati,2007,1357.632211,..,27390000
Kiribati,2008,1413.30234,..,27460000
Kiribati,2009,1297.285141,..,25290000
Kiribati,2010,1493.16051,..,23410000
Kiribati,2011,1692.613277,..,64900000
Kiribati,2012,1763.815497,..,65670000
Kiribati,2013,1724.361737,..,64990000
Kiribati,2014,1619.342566,..,80660000
Kiribati,2015,1504.715353,..,64950000
Lao PDR,1990,203.2559698,..,149070000
Lao PDR,1991,234.7193694,..,139750000
Lao PDR,1992,250.4922292,..,163640000
Lao PDR,1993,287.1875929,..,201030000
Lao PDR,1994,325.6292418,..,215200000
Lao PDR,1995,363.4716183,60.25133,307910000
Lao PDR,1996,377.9712559,..,332110000
Lao PDR,1997,345.4969431,..,328780000
Lao PDR,1998,248.5413984,..,275780000
Lao PDR,1999,277.4951028,..,294610000
Lao PDR,2000,324.8450496,69.58312,280890000
Lao PDR,2001,326.6408434,68.73439,244840000
Lao PDR,2002,319.8270584,..,278080000
Lao PDR,2003,362.6252958,..,301260000
Lao PDR,2004,417.7516561,..,270030000
Lao PDR,2005,475.4164695,72.70226,297420000
Lao PDR,2006,590.3013108,..,365170000
Lao PDR,2007,709.767087,..,397440000
Lao PDR,2008,899.4950787,..,496590000
Lao PDR,2009,948.1276421,..,417290000
Lao PDR,2010,1141.127115,..,413420000
Lao PDR,2011,1304.384015,58.28794,399790000
Lao PDR,2012,1588.633147,..,410470000
Lao PDR,2013,1838.80602,..,423330000
Lao PDR,2014,2017.587781,..,474420000
Lao PDR,2015,2159.433735,..,471090000
Lesotho,1990,371.8442387,..,139130000
Lesotho,1991,430.9096772,..,123310000
Lesotho,1992,498.4844778,..,143160000
Lesotho,1993,491.4205341,..,143060000
Lesotho,1994,506.9977784,..,115620000
Lesotho,1995,568.8163838,..,112650000
Lesotho,1996,529.3669607,..,103210000
Lesotho,1997,551.2410588,..,91490000
Lesotho,1998,506.9946049,..,61850000
Lesotho,1999,493.2493774,..,31670000
Lesotho,2000,474.8197906,86.25443,37170000
Lesotho,2001,437.8190154,..,55550000
Lesotho,2002,407.8093907,..,77000000
Lesotho,2003,603.6362783,..,79130000
Lesotho,2004,781.5145954,..,95310000
Lesotho,2005,862.9463084,..,68440000
Lesotho,2006,915.7757486,..,71190000
Lesotho,2007,918.5406962,..,129290000
Lesotho,2008,935.3941391,..,144710000
Lesotho,2009,924.1059321,75.8002,122280000
Lesotho,2010,1169.267842,..,256050000
Lesotho,2011,1350.677653,..,256770000
Lesotho,2012,1281.620558,..,276260000
Lesotho,2013,1192.998772,..,320670000
Lesotho,2014,1218.466106,76.6352,107170000
Lesotho,2015,1152.319585,..,83140000
Liberia,1990,183.2892117,..,113740000
Liberia,1991,168.9101461,..,157630000
Liberia,1992,110.4942877,..,119600000
Liberia,1993,80.19005643,..,122330000
Liberia,1994,65.67687672,..,63400000
Liberia,1995,65.01141558,..,123100000
Liberia,1996,72.74622475,..,172670000
Liberia,1997,125.4627472,..,75690000
Liberia,1998,140.9609018,..,71990000
Liberia,1999,161.5641221,..,93950000
Liberia,2000,183.4149991,..,67420000
Liberia,2001,174.1815473,..,38480000
Liberia,2002,177.2851087,..,54990000
Liberia,2003,133.4945108,..,106780000
Liberia,2004,149.4452549,..,213390000
Liberia,2005,168.6480254,..,222090000
Liberia,2006,178.927099,..,260900000
Liberia,2007,210.3733292,42.94108,702020000
Liberia,2008,232.061732,..,1250410000
Liberia,2009,303.0667491,..,510750000
Liberia,2010,327.4205097,..,1414450000
Liberia,2011,379.6895803,..,762250000
Liberia,2012,415.0361958,..,566710000
Liberia,2013,454.1222236,..,535930000
Liberia,2014,458.4651734,..,749610000
Liberia,2015,452.0380717,..,1094460000
Low income,1990,296.6170898,46.36885,11572580000
Low income,1991,294.5175138,46.62825,11387240000
Low income,1992,253.0355421,46.96216,12491390000
Low income,1993,244.9700437,47.25052,11017410000
Low income,1994,200.8750892,47.84493,12155080000
Low income,1995,225.2850946,48.13387,11548050000
Low income,1996,244.3895633,48.50648,9956940000
Low income,1997,245.9465147,49.25546,9488250000
Low income,1998,242.0931475,49.79527,9298280000
Low income,1999,235.9365445,50.34502,8501600000
Low income,2000,265.0667412,50.67088,8323390000
Low income,2001,232.8642908,51.36116,10146880000
Low income,2002,244.6226707,51.64633,13656330000
Low income,2003,261.277159,52.2903,19147330000
Low income,2004,289.6596428,54.1117,19224670000
Low income,2005,325.4514011,53.26303,19413850000
Low income,2006,354.221683,53.08421,21917500000
Low income,2007,412.362572,54.23258,26726290000
Low income,2008,483.1282257,53.40461,30027000000
Low income,2009,497.7646262,54.6644,32456300000
Low income,2010,522.0282831,54.75829,36539980000
Low income,2011,571.2246958,56.81752,37720170000
Low income,2012,598.2791502,57.95468,35172070000
Low income,2013,629.2776041,58.38585,35381030000
Low income,2014,659.3436492,59.2793,35136420000
Low income,2015,626.9138919,59.75239,33983290000
Lower middle income,1990,478.3402371,57.80083,26332280000
Lower middle income,1991,451.0722163,58.3053,27575110000
Lower middle income,1992,460.7729768,59.2215,25500050000
Lower middle income,1993,458.8016295,59.95408,21777200000
Lower middle income,1994,488.4017744,60.65868,25053680000
Lower middle income,1995,537.9191293,61.33435,22750220000
Lower middle income,1996,579.6203849,62.07624,22012930000
Lower middle income,1997,587.1580827,62.7121,18720620000
Lower middle income,1998,518.5568096,65.84399,19972680000
Lower middle income,1999,553.3706781,66.48792,21019000000
Lower middle income,2000,574.9042197,66.67575,19526780000
Lower middle income,2001,570.0716681,67.18486,21690310000
Lower middle income,2002,602.4015207,68.01937,21919560000
Lower middle income,2003,679.2832343,68.84452,22435970000
Lower middle income,2004,763.661047,69.55523,23993450000
Lower middle income,2005,866.3744719,69.40597,34829290000
Lower middle income,2006,1015.09352,69.41222,40587140000
Lower middle income,2007,1229.302148,69.83738,32290950000
Lower middle income,2008,1361.745875,70.7936,36255120000
Lower middle income,2009,1373.618214,71.43398,41023030000
Lower middle income,2010,1693.013089,72.71435,40289130000
Lower middle income,2011,1885.74899,72.24664,41445610000
Lower middle income,2012,1947.73219,74.21019,42929350000
Lower middle income,2013,2001.840877,74.65994,54386050000
Lower middle income,2014,2075.893344,75.36975,50874580000
Lower middle income,2015,2025.929064,75.83826,47852620000
Madagascar,1990,265.6761189,..,396960000
Madagascar,1991,222.1537443,..,455110000
Madagascar,1992,245.8643162,..,361550000
Madagascar,1993,265.9345074,..,361220000
Madagascar,1994,227.8369055,..,288140000
Madagascar,1995,234.4940582,..,299410000
Madagascar,1996,287.3565596,..,354690000
Madagascar,1997,247.1294102,..,837670000
Madagascar,1998,252.4652058,..,484670000
Madagascar,1999,243.2527515,..,362390000
Madagascar,2000,245.9390659,70.68617,324480000
Madagascar,2001,278.5557032,..,374530000
Madagascar,2002,262.2859481,..,373940000
Madagascar,2003,316.7998965,..,545360000
Madagascar,2004,245.1235876,..,1252520000
Madagascar,2005,274.8197023,..,916150000
Madagascar,2006,292.1507443,..,784410000
Madagascar,2007,377.8482928,..,896830000
Madagascar,2008,470.733254,..,847200000
Madagascar,2009,415.6893226,64.48091,434440000
Madagascar,2010,412.7309341,..,477160000
Madagascar,2011,454.963464,..,447130000
Madagascar,2012,443.9061001,71.57262,368490000
Madagascar,2013,461.7230722,..,499280000
Madagascar,2014,452.4631926,..,586240000
Madagascar,2015,402.0883072,..,677010000
Malawi,1990,199.287272,..,500360000
Malawi,1991,228.5552393,..,549570000
Malawi,1992,184.9518703,..,578040000
Malawi,1993,212.246564,..,497340000
Malawi,1994,120.6292554,..,471140000
Malawi,1995,141.0275216,..,435140000
Malawi,1996,225.626776,..,492540000
Malawi,1997,256.5280662,..,344100000
Malawi,1998,163.5335889,64.13425,434680000
Malawi,1999,160.7988768,..,446780000
Malawi,2000,153.2594872,..,448150000
Malawi,2001,146.7615397,..,411100000
Malawi,2002,290.9798977,..,379740000
Malawi,2003,260.1052517,..,519570000
Malawi,2004,274.2256294,..,507420000
Malawi,2005,280.3673842,..,573650000
Malawi,2006,297.6971211,..,722870000
Malawi,2007,320.2227274,..,743950000
Malawi,2008,372.842678,..,925330000
Malawi,2009,420.7379657,..,774180000
Malawi,2010,458.8681744,61.30972,1017160000
Malawi,2011,512.1254051,..,797450000
Malawi,2012,374.5018802,..,1170090000
Malawi,2013,332.9223039,..,1132670000
Malawi,2014,354.7253961,65.14537,931450000
Malawi,2015,362.6575444,62.14354,1049390000
Mali,1990,316.8165941,..,479170000
Mali,1991,314.8369994,..,449680000
Mali,1992,319.191412,..,429690000
Mali,1993,309.515078,..,369960000
Mali,1994,222.5767979,..,440150000
Mali,1995,281.7886811,..,540410000
Mali,1996,282.081344,..,490170000
Mali,1997,266.668047,..,429330000
Mali,1998,281.3221274,19.04497,346820000
Mali,1999,322.53868,..,354390000
Mali,2000,269.3483829,..,288040000
Mali,2001,306.8473237,..,351740000
Mali,2002,334.2024016,..,420480000
Mali,2003,391.7912801,24,556230000
Mali,2004,439.3572924,..,585300000
Mali,2005,487.9402556,..,724590000
Mali,2006,521.6425796,26.17655,869200000
Mali,2007,595.6368319,..,1021020000
Mali,2008,689.6784228,..,967390000
Mali,2009,697.0153124,..,984660000
Mali,2010,708.3707632,31.09975,1091460000
Mali,2011,835.0889098,33.56094,1267630000
Mali,2012,777.3476868,..,995580000
Mali,2013,803.8935757,..,1397560000
Mali,2014,848.2279485,..,1235920000
Mali,2015,749.9501571,33.06889,1200450000
Mozambique,1990,189.6245382,..,997510000
Mozambique,1991,240.1242747,..,1065100000
Mozambique,1992,162.8269598,..,1459680000
Mozambique,1993,163.6143937,..,1176960000
Mozambique,1994,161.7048809,..,1199940000
Mozambique,1995,160.0176177,..,1063390000
Mozambique,1996,216.8754283,..,886730000
Mozambique,1997,253.1096478,38.70788,948210000
Mozambique,1998,284.373291,..,1039950000
Mozambique,1999,301.539472,..,818670000
Mozambique,2000,277.6486591,..,907390000
Mozambique,2001,256.4414872,..,961470000
Mozambique,2002,262.8840551,..,2217370000
Mozambique,2003,283.8911588,48.15884,1049520000
Mozambique,2004,336.3318145,..,1244290000
Mozambique,2005,369.1545359,..,1289860000
Mozambique,2006,385.7567141,..,1641940000
Mozambique,2007,422.1461573,..,1772950000
Mozambique,2008,503.1277109,..,1993080000
Mozambique,2009,463.852618,50.58381,2013600000
Mozambique,2010,419.2258149,..,1943140000
Mozambique,2011,526.5313517,..,2065470000
Mozambique,2012,566.0513873,..,2071700000
Mozambique,2013,605.9856081,..,2312700000
Mozambique,2014,623.2871141,..,2106010000
Mozambique,2015,528.3139758,..,1815030000
Myanmar,1990,..,..,160770000
Myanmar,1991,..,..,177010000
Myanmar,1992,..,..,113980000
Myanmar,1993,..,..,100150000
Myanmar,1994,..,..,167070000
Myanmar,1995,..,..,150160000
Myanmar,1996,..,..,38920000
Myanmar,1997,..,..,49380000
Myanmar,1998,..,..,72140000
Myanmar,1999,..,..,81050000
Myanmar,2000,193.1874804,89.94176,105640000
Myanmar,2001,138.9249275,..,125670000
Myanmar,2002,143.7760051,..,119030000
Myanmar,2003,219.782326,..,125020000
Myanmar,2004,219.8156688,..,123450000
Myanmar,2005,247.2427006,..,144830000
Myanmar,2006,296.9007284,..,145710000
Myanmar,2007,410.4500001,..,195890000
Myanmar,2008,643.9513703,..,534590000
Myanmar,2009,741.0777116,..,355960000
Myanmar,2010,987.7365832,..,354920000
Myanmar,2011,1186.423937,..,379950000
Myanmar,2012,1175.561788,..,504530000
Myanmar,2013,1171.464477,..,3936120000
Myanmar,2014,1260.422411,..,1384510000
Myanmar,2015,1138.992271,..,1168520000
Nepal,1990,193.4761241,..,422840000
Nepal,1991,203.7653978,32.97559,448760000
Nepal,1992,172.0062101,..,430870000
Nepal,1993,180.109746,..,363410000
Nepal,1994,194.8890676,..,446620000
Nepal,1995,205.6938414,..,429560000
Nepal,1996,206.4330066,..,389230000
Nepal,1997,219.684466,..,401870000
Nepal,1998,212.4689465,..,400860000
Nepal,1999,215.9805921,..,348500000
Nepal,2000,231.4255004,..,386420000
Nepal,2001,248.6183539,48.60897,388990000
Nepal,2002,246.3075621,..,342910000
Nepal,2003,253.7200412,..,464480000
Nepal,2004,287.4001056,..,425940000
Nepal,2005,317.089198,..,423130000
Nepal,2006,348.6314534,..,527670000
Nepal,2007,393.8843518,..,604410000
Nepal,2008,473.8444409,..,697020000
Nepal,2009,480.7200909,..,853750000
Nepal,2010,592.1835216,..,814400000
Nepal,2011,692.1166842,59.62725,886630000
Nepal,2012,681.7925868,..,769680000
Nepal,2013,688.6172788,..,873330000
Nepal,2014,706.2386977,..,883820000
Nepal,2015,747.1604624,..,1215760000
Niger,1990,309.5864642,..,387590000
Niger,1991,281.3964667,..,369560000
Niger,1992,274.2860354,..,356710000
Niger,1993,181.6903803,..,338520000
Niger,1994,170.8094085,..,372950000
Niger,1995,198.4528096,..,272390000
Niger,1996,202.4214038,..,252060000
Niger,1997,181.2955353,..,333230000
Niger,1998,196.7250241,..,292340000
Niger,1999,184.3464766,..,187270000
Niger,2000,158.4055972,..,209210000
Niger,2001,165.2507247,14.37604,258980000
Niger,2002,177.8208384,..,295810000
Niger,2003,215.8050408,..,481020000
Niger,2004,232.5661574,..,548680000
Niger,2005,250.0383731,28.67242,523090000
Niger,2006,258.0463873,..,541940000
Niger,2007,292.55962,..,545970000
Niger,2008,354.8185998,..,615450000
Niger,2009,341.2894618,..,470630000
Niger,2010,348.151511,..,741380000
Niger,2011,375.5819866,..,644670000
Niger,2012,391.5155024,15.4567,891140000
Niger,2013,416.1400838,..,797300000
Niger,2014,429.790889,..,917780000
Niger,2015,362.7521263,..,865870000
Rwanda,1990,352.4401342,..,287920000
Rwanda,1991,271.0814379,57.85349,359160000
Rwanda,1992,302.7561645,..,348930000
Rwanda,1993,312.9451551,..,353910000
Rwanda,1994,125.4994918,..,711750000
Rwanda,1995,218.2047893,..,694700000
Rwanda,1996,226.0501885,..,465310000
Rwanda,1997,283.8776235,..,229730000
Rwanda,1998,281.7841627,..,350130000
Rwanda,1999,239.3781268,..,373140000
Rwanda,2000,216.172747,64.8886,321460000
Rwanda,2001,201.0569654,..,304660000
Rwanda,2002,196.5097078,..,359590000
Rwanda,2003,212.6619491,..,335960000
Rwanda,2004,236.9114381,..,491140000
Rwanda,2005,287.0931877,..,572710000
Rwanda,2006,342.3656294,..,605390000
Rwanda,2007,404.8533039,..,720060000
Rwanda,2008,500.6687264,..,935500000
Rwanda,2009,539.1538211,..,934250000
Rwanda,2010,563.4910487,65.85227,1033090000
Rwanda,2011,617.3107648,..,1262830000
Rwanda,2012,678.0796973,68.33103,878640000
Rwanda,2013,688.8768557,..,1086290000
Rwanda,2014,706.5699517,..,1035030000
Rwanda,2015,710.3483907,..,1081720000
Sao Tome and Principe,1990,..,..,54120000
Sao Tome and Principe,1991,..,73.24242,51010000
Sao Tome and Principe,1992,..,..,56430000
Sao Tome and Principe,1993,..,..,46490000
Sao Tome and Principe,1994,..,..,49930000
Sao Tome and Principe,1995,..,..,84090000
Sao Tome and Principe,1996,..,..,47400000
Sao Tome and Principe,1997,..,..,33420000
Sao Tome and Principe,1998,..,..,28060000
Sao Tome and Principe,1999,..,..,27520000
Sao Tome and Principe,2000,..,..,34940000
Sao Tome and Principe,2001,510.0216381,84.90851,38180000
Sao Tome and Principe,2002,555.8185378,..,26090000
Sao Tome and Principe,2003,649.3402153,..,37850000
Sao Tome and Principe,2004,693.3045683,..,33680000
Sao Tome and Principe,2005,810.860157,..,32700000
Sao Tome and Principe,2006,843.8009447,..,23060000
Sao Tome and Principe,2007,894.0927988,..,51090000
Sao Tome and Principe,2008,1126.462102,69.53639,47330000
Sao Tome and Principe,2009,1099.571046,..,30510000
Sao Tome and Principe,2010,1129.754961,..,50230000
Sao Tome and Principe,2011,1304.326189,..,73430000
Sao Tome and Principe,2012,1380.949959,90.1431,50660000
Sao Tome and Principe,2013,1619.532678,..,53750000
Sao Tome and Principe,2014,1824.160311,..,41380000
Sao Tome and Principe,2015,1615.320711,..,48950000
Senegal,1990,756.6085301,..,811730000
Senegal,1991,721.1150526,..,627520000
Senegal,1992,747.8320019,..,662380000
Senegal,1993,686.4979804,..,493120000
Senegal,1994,455.4885004,..,635490000
Senegal,1995,557.7842575,..,652340000
Senegal,1996,564.4959826,..,573880000
Senegal,1997,508.0726031,..,424530000
Senegal,1998,534.0979161,..,502080000
Senegal,1999,533.2851225,..,535980000
Senegal,2000,473.4500338,..,432150000
Senegal,2001,481.2870397,..,423580000
Senegal,2002,513.026227,39.27525,445280000
Senegal,2003,642.7663113,..,458280000
Senegal,2004,733.0581811,..,1066340000
Senegal,2005,773.8698713,..,701350000
Senegal,2006,809.8038296,41.89115,869360000
Senegal,2007,950.3978522,..,865350000
Senegal,2008,1101.202117,..,1065820000
Senegal,2009,1021.037864,49.69513,1017990000
Senegal,2010,1002.52994,..,936400000
Senegal,2011,1081.939254,52.05196,1054600000
Senegal,2012,1038.077646,..,1075780000
Senegal,2013,1051.750745,42.8175,994480000
Senegal,2014,1052.127482,..,1108750000
Senegal,2015,910.7747772,..,879200000
Sierra Leone,1990,150.6511518,..,59320000
Sierra Leone,1991,179.8336359,..,103270000
Sierra Leone,1992,156.9951224,..,133060000
Sierra Leone,1993,178.4905888,..,206470000
Sierra Leone,1994,212.884373,..,273730000
Sierra Leone,1995,203.6948791,..,212270000
Sierra Leone,1996,219.9124669,..,182520000
Sierra Leone,1997,197.4746069,..,118010000
Sierra Leone,1998,154.4397334,..,106530000
Sierra Leone,1999,150.8369725,..,73730000
Sierra Leone,2000,139.3147734,..,180640000
Sierra Leone,2001,227.7790471,..,334630000
Sierra Leone,2002,249.9395402,..,383210000
Sierra Leone,2003,263.7618312,..,337170000
Sierra Leone,2004,263.1045817,34.82679,376230000
Sierra Leone,2005,287.6891942,..,339980000
Sierra Leone,2006,322.313468,..,380340000
Sierra Leone,2007,358.8274716,..,545910000
Sierra Leone,2008,406.3759178,..,379340000
Sierra Leone,2009,394.5932439,..,447290000
Sierra Leone,2010,405.1284018,..,458300000
Sierra Leone,2011,445.052005,..,423890000
Sierra Leone,2012,561.8984239,..,439750000
Sierra Leone,2013,710.8186998,32.42617,449070000
Sierra Leone,2014,708.4427474,..,914140000
Sierra Leone,2015,587.5162611,..,946390000
Solomon Islands,1990,970.0969308,..,45660000
Solomon Islands,1991,998.7594523,..,36610000
Solomon Islands,1992,1147.975764,..,45570000
Solomon Islands,1993,1210.534609,..,56130000
Solomon Islands,1994,1330.822932,..,47890000
Solomon Islands,1995,1445.706999,..,47690000
Solomon Islands,1996,1529.664872,..,42620000
Solomon Islands,1997,1494.733483,..,41770000
Solomon Islands,1998,1206.157561,..,42630000
Solomon Islands,1999,1200.917702,76.6,39670000
Solomon Islands,2000,1054.518572,..,68250000
Solomon Islands,2001,944.81684,..,58770000
Solomon Islands,2002,784.9562874,..,26180000
Solomon Islands,2003,744.7657423,..,60140000
Solomon Islands,2004,818.442619,..,121320000
Solomon Islands,2005,880.8748508,..,198400000
Solomon Islands,2006,948.6592511,..,204640000
Solomon Islands,2007,1046.931125,..,246180000
Solomon Islands,2008,1205.791067,..,224310000
Solomon Islands,2009,1158.282672,..,204960000
Solomon Islands,2010,1272.448025,..,340490000
Solomon Islands,2011,1642.837974,..,339390000
Solomon Islands,2012,1858.689868,..,305100000
Solomon Islands,2013,1880.5159,..,289830000
Solomon Islands,2014,2009.652622,..,198500000
Solomon Islands,2015,1922.041388,..,190030000
Somalia,1990,..,..,514810000
Somalia,1991,..,..,186420000
Somalia,1992,..,..,653660000
Somalia,1993,..,..,892120000
Somalia,1994,..,..,535120000
Somalia,1995,..,..,187930000
Somalia,1996,..,..,88180000
Somalia,1997,..,..,81180000
Somalia,1998,..,..,81320000
Somalia,1999,..,..,115700000
Somalia,2000,..,..,102230000
Somalia,2001,..,..,149300000
Somalia,2002,..,..,152720000
Somalia,2003,..,..,176180000
Somalia,2004,..,..,201280000
Somalia,2005,..,..,240220000
Somalia,2006,..,..,396170000
Somalia,2007,..,..,393740000
Somalia,2008,..,..,765870000
Somalia,2009,..,..,661640000
Somalia,2010,..,..,505680000
Somalia,2011,..,..,1098980000
Somalia,2012,..,..,990460000
Somalia,2013,407.5432354,..,1054580000
Somalia,2014,417.8900143,..,1109580000
Somalia,2015,426.0098537,..,1253550000
South Sudan,1990,..,..,..
South Sudan,1991,..,..,..
South Sudan,1992,..,..,..
South Sudan,1993,..,..,..
South Sudan,1994,..,..,..
South Sudan,1995,..,..,..
South Sudan,1996,..,..,..
South Sudan,1997,..,..,..
South Sudan,1998,..,..,..
South Sudan,1999,..,..,..
South Sudan,2000,..,..,..
South Sudan,2001,..,..,..
South Sudan,2002,..,..,..
South Sudan,2003,..,..,..
South Sudan,2004,..,..,..
South Sudan,2005,..,..,..
South Sudan,2006,..,..,..
South Sudan,2007,..,..,..
South Sudan,2008,1678.711862,26.83128,..
South Sudan,2009,1264.789908,..,..
South Sudan,2010,1562.239346,..,..
South Sudan,2011,1706.090713,..,435830000
South Sudan,2012,958.4550081,..,1186260000
South Sudan,2013,1186.101325,..,1399300000
South Sudan,2014,1151.861715,..,1964120000
South Sudan,2015,758.7205782,..,1674830000
Sudan,1990,478.8012635,..,848240000
Sudan,1991,427.8063438,..,867110000
Sudan,1992,257.651551,..,536310000
Sudan,1993,316.9027309,..,447900000
Sudan,1994,444.5573291,..,408290000
Sudan,1995,467.8137011,..,237430000
Sudan,1996,296.8743719,..,218100000
Sudan,1997,374.1136199,..,138940000
Sudan,1998,350.4396796,..,211210000
Sudan,1999,323.5717952,..,246340000
Sudan,2000,361.0305843,61.34587,225290000
Sudan,2001,377.5254454,..,192260000
Sudan,2002,412.1517561,..,304930000
Sudan,2003,477.7384078,..,620230000
Sudan,2004,565.0569459,..,994580000
Sudan,2005,679.7539949,..,1826110000
Sudan,2006,893.8793645,..,2048440000
Sudan,2007,1115.6952,..,2120590000
Sudan,2008,1291.528826,53.51738,2566430000
Sudan,2009,1226.884381,..,2352470000
Sudan,2010,1476.478087,..,2025850000
Sudan,2011,1666.857757,..,1742400000
Sudan,2012,1892.894352,..,1369130000
Sudan,2013,1955.660799,..,1507330000
Sudan,2014,2176.898029,..,874800000
Sudan,2015,2513.884661,..,899900000
Tanzania,1990,172.0447984,..,1163150000
Tanzania,1991,193.7400952,..,1073000000
Tanzania,1992,173.8913828,..,1334080000
Tanzania,1993,155.5982751,..,944430000
Tanzania,1994,159.6357424,..,963570000
Tanzania,1995,180.4650233,..,871050000
Tanzania,1996,216.9327932,..,867210000
Tanzania,1997,249.931287,..,943850000
Tanzania,1998,296.3409541,..,1001500000
Tanzania,1999,299.7867537,..,991940000
Tanzania,2000,306.7238273,..,1064250000
Tanzania,2001,304.339284,..,1274900000
Tanzania,2002,308.0565528,69.4309,1260430000
Tanzania,2003,323.0721066,..,1725760000
Tanzania,2004,345.189237,..,1774200000
Tanzania,2005,442.2528543,..,1492450000
Tanzania,2006,471.5273761,..,1887650000
Tanzania,2007,528.063562,..,2819960000
Tanzania,2008,651.2624387,..,2330670000
Tanzania,2009,658.7579527,..,2927780000
Tanzania,2010,701.6045501,67.8007,2960310000
Tanzania,2011,733.4128065,..,2441820000
Tanzania,2012,820.1562898,78.10059,2822230000
Tanzania,2013,901.7314303,..,3433580000
Tanzania,2014,950.3743138,..,2648730000
Tanzania,2015,872.2940933,77.88723,2580470000
Timor-Leste,1990,..,..,100000
Timor-Leste,1991,..,..,940000
Timor-Leste,1992,..,..,130000
Timor-Leste,1993,..,..,420000
Timor-Leste,1994,..,..,230000
Timor-Leste,1995,..,..,20000
Timor-Leste,1996,..,..,80000
Timor-Leste,1997,..,..,430000
Timor-Leste,1998,..,..,1670000
Timor-Leste,1999,..,..,152820000
Timor-Leste,2000,402.0066527,..,231270000
Timor-Leste,2001,481.2947703,37.6,194170000
Timor-Leste,2002,457.7900166,..,219050000
Timor-Leste,2003,448.0615951,..,175030000
Timor-Leste,2004,444.3430043,..,161240000
Timor-Leste,2005,454.5957016,..,184620000
Timor-Leste,2006,419.622201,..,209140000
Timor-Leste,2007,498.8491398,50.6,278340000
Timor-Leste,2008,611.7759685,..,277700000
Timor-Leste,2009,719.7315431,..,216600000
Timor-Leste,2010,806.0627745,58.30898,291460000
Timor-Leste,2011,931.0460326,..,278710000
Timor-Leste,2012,1027.784502,..,283640000
Timor-Leste,2013,1190.510366,..,258570000
Timor-Leste,2014,1196.061391,..,249540000
Timor-Leste,2015,1294.54454,..,212290000
Togo,1990,430.0114381,..,258240000
Togo,1991,412.722312,..,199270000
Togo,1992,426.0809921,..,222430000
Togo,1993,303.4487827,..,95820000
Togo,1994,236.0011558,..,124650000
Togo,1995,306.3583371,..,191340000
Togo,1996,333.189857,..,155400000
Togo,1997,330.5621437,..,125130000
Togo,1998,339.2473068,..,128460000
Togo,1999,326.6040699,..,71530000
Togo,2000,260.3932935,53.1776,69630000
Togo,2001,260.6394652,..,46090000
Togo,2002,280.8032123,..,51130000
Togo,2003,310.4370144,..,50090000
Togo,2004,349.9937253,..,65130000
Togo,2005,372.1721837,..,82610000
Togo,2006,377.336029,56.88837,79830000
Togo,2007,420.7604743,..,122490000
Togo,2008,513.391914,..,330140000
Togo,2009,499.6468713,57.09338,494520000
Togo,2010,487.9238913,..,403380000
Togo,2011,562.3393592,60.40994,542380000
Togo,2012,563.6894247,..,245080000
Togo,2013,579.434805,..,226320000
Togo,2014,620.1318489,..,210960000
Togo,2015,551.1308346,63.74562,199620000
Tuvalu,1990,980.1674709,..,5060000
Tuvalu,1991,1034.482041,..,5010000
Tuvalu,1992,1069.595946,..,8060000
Tuvalu,1993,1051.85266,..,4250000
Tuvalu,1994,1184.638255,..,7370000
Tuvalu,1995,1194.576939,..,7850000
Tuvalu,1996,1332.63248,..,10340000
Tuvalu,1997,1369.074641,..,10130000
Tuvalu,1998,1370.904026,..,5190000
Tuvalu,1999,1464.648593,..,6780000
Tuvalu,2000,1458.817097,..,4030000
Tuvalu,2001,1387.357543,..,9510000
Tuvalu,2002,1603.631992,..,11710000
Tuvalu,2003,1866.599625,..,6310000
Tuvalu,2004,2176.564747,..,8070000
Tuvalu,2005,2178.02921,..,9120000
Tuvalu,2006,2259.333279,..,15410000
Tuvalu,2007,2638.911845,..,11810000
Tuvalu,2008,2929.42164,..,16200000
Tuvalu,2009,2595.639908,..,17710000
Tuvalu,2010,3021.889528,..,14010000
Tuvalu,2011,3698.910096,..,38910000
Tuvalu,2012,3718.018711,..,25480000
Tuvalu,2013,3542.135089,..,27590000
Tuvalu,2014,3415.813158,..,34300000
Tuvalu,2015,2970.027974,..,49650000
Uganda,1990,246.8273307,..,663100000
Uganda,1991,184.126852,56.10738,663280000
Uganda,1992,153.1911684,..,724950000
Uganda,1993,167.0748918,..,609990000
Uganda,1994,200.4472479,..,751970000
Uganda,1995,280.0845471,..,833960000
Uganda,1996,285.0934669,..,674880000
Uganda,1997,286.7169623,..,813440000
Uganda,1998,291.9864072,..,658100000
Uganda,1999,257.7477999,..,607680000
Uganda,2000,257.6303609,..,855930000
Uganda,2001,234.9840775,..,828940000
Uganda,2002,240.2423229,68.14251,732980000
Uganda,2003,237.9995917,..,1003710000
Uganda,2004,288.0236949,..,1222240000
Uganda,2005,315.7880227,..,1195330000
Uganda,2006,336.4593923,71.37314,1589230000
Uganda,2007,401.8508631,..,1738140000
Uganda,2008,449.6928183,..,1643380000
Uganda,2009,554.404991,..,1786360000
Uganda,2010,595.2061732,73.21188,1690140000
Uganda,2011,574.9402639,..,1572750000
Uganda,2012,637.1300089,70.19822,1642500000
Uganda,2013,655.0496074,..,1699930000
Uganda,2014,702.8808064,..,1634660000
Uganda,2015,674.044972,..,1628250000
Vanuatu,1990,1080.222889,..,49530000
Vanuatu,1991,1252.636231,..,52240000
Vanuatu,1992,1263.455261,..,39830000
Vanuatu,1993,1176.870452,..,34980000
Vanuatu,1994,1335.259799,..,41720000
Vanuatu,1995,1390.329687,..,45580000
Vanuatu,1996,1427.10248,..,31070000
Vanuatu,1997,1462.238195,..,27230000
Vanuatu,1998,1472.957091,..,40710000
Vanuatu,1999,1477.841822,74,37280000
Vanuatu,2000,1469.849149,..,45800000
Vanuatu,2001,1362.601731,..,31620000
Vanuatu,2002,1353.934819,..,27520000
Vanuatu,2003,1580.502724,..,32660000
Vanuatu,2004,1787.947023,..,38200000
Vanuatu,2005,1886.433359,..,39890000
Vanuatu,2006,2047.097823,..,49010000
Vanuatu,2007,2393.367265,..,56840000
Vanuatu,2008,2697.961375,..,92420000
Vanuatu,2009,2643.441423,..,100150000
Vanuatu,2010,2965.802434,..,107860000
Vanuatu,2011,3275.091684,..,91090000
Vanuatu,2012,3158.58688,..,101940000
Vanuatu,2013,3167.343056,..,91340000
Vanuatu,2014,3148.365103,..,100410000
Vanuatu,2015,2805.83414,..,186560000
"Yemen, Rep.",1990,468.3780079,..,449830000
"Yemen, Rep.",1991,468.3739664,..,296350000
"Yemen, Rep.",1992,485.0556996,..,253770000
"Yemen, Rep.",1993,382.9763204,..,313740000
"Yemen, Rep.",1994,283.6347307,37.09,171700000
"Yemen, Rep.",1995,277.9769717,..,171790000
"Yemen, Rep.",1996,364.1212046,..,252270000
"Yemen, Rep.",1997,416.7870194,..,355400000
"Yemen, Rep.",1998,374.3573128,..,394240000
"Yemen, Rep.",1999,439.6972109,..,460830000
"Yemen, Rep.",2000,539.1043652,..,312800000
"Yemen, Rep.",2001,535.8330521,..,371830000
"Yemen, Rep.",2002,565.2083683,..,216500000
"Yemen, Rep.",2003,605.1647335,..,244060000
"Yemen, Rep.",2004,693.0835669,..,266510000
"Yemen, Rep.",2005,813.9643857,..,296000000
"Yemen, Rep.",2006,901.7599875,..,287810000
"Yemen, Rep.",2007,995.6284828,..,242890000
"Yemen, Rep.",2008,1203.720733,..,429110000
"Yemen, Rep.",2009,1093.812918,..,559310000
"Yemen, Rep.",2010,1309.23196,..,667080000
"Yemen, Rep.",2011,1349.42025,..,477050000
"Yemen, Rep.",2012,1420.842721,..,710230000
"Yemen, Rep.",2013,1580.181601,..,1039630000
"Yemen, Rep.",2014,1647.033657,..,1163450000
"Yemen, Rep.",2015,1401.903319,..,1531430000
Zambia,1990,409.2579854,64.99826,474810000
Zambia,1991,410.0718753,..,877970000
Zambia,1992,376.4574375,..,1030780000
Zambia,1993,377.5723176,..,866920000
Zambia,1994,411.0389997,..,715130000
Zambia,1995,416.6613811,..,2030670000
Zambia,1996,382.9151113,..,608060000
Zambia,1997,445.1711797,..,609690000
Zambia,1998,355.5380307,..,348150000
Zambia,1999,332.461627,68.00179,623210000
Zambia,2000,341.9055625,..,794650000
Zambia,2001,378.2736238,..,570840000
Zambia,2002,377.1305244,69.14922,810730000
Zambia,2003,429.1583434,..,770450000
Zambia,2004,530.2772217,..,1128450000
Zambia,2005,691.3178164,..,1169050000
Zambia,2006,1030.154199,..,1470270000
Zambia,2007,1104.587985,61.42829,1006970000
Zambia,2008,1369.068249,..,1114710000
Zambia,2009,1139.110233,..,1270820000
Zambia,2010,1463.213573,83.00767,919320000
Zambia,2011,1644.619672,..,1033470000
Zambia,2012,1734.930612,..,957140000
Zambia,2013,1850.793359,..,1145390000
Zambia,2014,1738.088202,..,997730000
Zambia,2015,1313.889646,..,797140000